ISD,Admin,Grade,Did Not Meet - %,Approaches - %,Meets - %,Masters - %,Org Id,Test Type
A W BROWN LEADERSHIP ACADEMY,Spring 2022,3,47,53,28,9,57816,STAAR - Reading
A+ ACADEMY,Spring 2022,3,54,46,26,13,57829,STAAR - Reading
ABBOTT ISD,Spring 2022,3,11,89,74,47,109901,STAAR - Reading
ABERNATHY ISD,Spring 2022,3,21,79,48,29,95901,STAAR - Reading
ABILENE ISD,Spring 2022,3,31,69,40,21,221901,STAAR - Reading
ACADEMY ISD,Spring 2022,3,17,83,58,36,14901,STAAR - Reading
ACADEMY OF ACCELERATED LEARNING INC,Spring 2022,3,40,60,34,17,101810,STAAR - Reading
ACADEMY OF DALLAS (057810),Spring 2022,3,67,33,17,0,57810,STAAR - Reading
ACCELERATED INTERMEDIATE ACADEMY,Spring 2022,3,11,89,47,16,101849,STAAR - Reading
ADRIAN ISD,Spring 2022,3,11,89,44,33,180903,STAAR - Reading
ADVANTAGE ACADEMY (057806),Spring 2022,3,54,46,25,10,57806,STAAR - Reading
AGUA DULCE ISD,Spring 2022,3,5,95,77,41,178901,STAAR - Reading
ALAMO HEIGHTS ISD,Spring 2022,3,7,93,78,57,15901,STAAR - Reading
ALBA-GOLDEN ISD,Spring 2022,3,13,87,49,31,250906,STAAR - Reading
ALBANY ISD,Spring 2022,3,27,73,46,32,209901,STAAR - Reading
ALDINE ISD,Spring 2022,3,40,60,30,13,101902,STAAR - Reading
ALEDO ISD,Spring 2022,3,6,94,80,61,184907,STAAR - Reading
ALICE ISD,Spring 2022,3,36,64,36,18,125901,STAAR - Reading
ALIEF ISD (101903),Spring 2022,3,35,65,41,22,101903,STAAR - Reading
ALIEF MONTESSORI COMMUNITY SCHOOL (101815),Spring 2022,3,16,84,76,40,101815,STAAR - Reading
ALLEN ISD,Spring 2022,3,11,89,70,49,43901,STAAR - Reading
ALPINE ISD,Spring 2022,3,18,82,49,25,22901,STAAR - Reading
ALTO ISD,Spring 2022,3,19,81,44,25,37901,STAAR - Reading
ALVARADO ISD,Spring 2022,3,25,75,46,24,126901,STAAR - Reading
ALVIN ISD,Spring 2022,3,18,82,59,35,20901,STAAR - Reading
ALVORD ISD,Spring 2022,3,10,90,65,23,249901,STAAR - Reading
AMARILLO ISD,Spring 2022,3,20,80,53,30,188901,STAAR - Reading
AMBASSADORS PREPARATORY ACADEMY (084804),Spring 2022,3,24,76,33,5,84804,STAAR - Reading
AMHERST ISD,Spring 2022,3,36,64,36,9,140901,STAAR - Reading
AMIGOS POR VIDA-FRIENDS FOR LIFE PUB CHTR SCH,Spring 2022,3,18,82,54,22,101819,STAAR - Reading
ANAHUAC ISD,Spring 2022,3,44,56,33,21,36901,STAAR - Reading
ANDERSON-SHIRO CISD,Spring 2022,3,11,89,67,44,93901,STAAR - Reading
ANDREWS ISD,Spring 2022,3,15,85,59,32,2901,STAAR - Reading
ANGLETON ISD,Spring 2022,3,12,88,60,34,20902,STAAR - Reading
ANNA ISD,Spring 2022,3,20,80,53,33,43902,STAAR - Reading
ANSON ISD,Spring 2022,3,21,79,52,20,127901,STAAR - Reading
ANTHONY ISD,Spring 2022,3,33,67,21,12,71906,STAAR - Reading
ANTON ISD,Spring 2022,3,0,100,70,10,110901,STAAR - Reading
APPLE SPRINGS ISD,Spring 2022,3,19,81,44,25,228905,STAAR - Reading
AQUILLA ISD,Spring 2022,3,12,88,65,35,109912,STAAR - Reading
ARANSAS COUNTY ISD,Spring 2022,3,33,67,38,22,4901,STAAR - Reading
ARANSAS PASS ISD,Spring 2022,3,27,73,35,14,205901,STAAR - Reading
ARCHER CITY ISD,Spring 2022,3,3,97,75,36,5901,STAAR - Reading
ARGYLE ISD,Spring 2022,3,9,91,76,50,61910,STAAR - Reading
ARISTOI CLASSICAL ACADEMY (101803),Spring 2022,3,16,84,64,45,101803,STAAR - Reading
ARLINGTON CLASSICS ACADEMY,Spring 2022,3,7,93,76,54,220802,STAAR - Reading
ARLINGTON ISD,Spring 2022,3,30,70,44,25,220901,STAAR - Reading
ARP ISD,Spring 2022,3,17,83,65,44,212901,STAAR - Reading
ARROW ACADEMY,Spring 2022,3,23,77,47,31,21805,STAAR - Reading
ASPERMONT ISD,Spring 2022,3,14,86,57,57,217901,STAAR - Reading
ATHENS ISD,Spring 2022,3,25,75,54,31,107901,STAAR - Reading
ATLANTA ISD,Spring 2022,3,17,83,61,34,34901,STAAR - Reading
AUBREY ISD,Spring 2022,3,16,84,63,35,61907,STAAR - Reading
AUSTIN ACHIEVE PUBLIC SCHOOLS,Spring 2022,3,55,45,20,9,227825,STAAR - Reading
AUSTIN DISCOVERY SCHOOL,Spring 2022,3,15,85,57,36,227821,STAAR - Reading
AUSTIN ISD,Spring 2022,3,20,80,61,42,227901,STAAR - Reading
AUSTWELL-TIVOLI ISD,Spring 2022,3,29,71,50,29,196901,STAAR - Reading
AVALON ISD,Spring 2022,3,33,67,37,23,70901,STAAR - Reading
AVERY ISD,Spring 2022,3,17,83,57,40,194902,STAAR - Reading
AVINGER ISD,Spring 2022,3,29,71,71,29,34902,STAAR - Reading
AXTELL ISD,Spring 2022,3,11,89,50,25,161918,STAAR - Reading
AZLE ISD,Spring 2022,3,20,80,53,32,220915,STAAR - Reading
BAIRD ISD,Spring 2022,3,21,79,50,21,30903,STAAR - Reading
BALLINGER ISD,Spring 2022,3,18,82,47,27,200901,STAAR - Reading
BALMORHEA ISD,Spring 2022,3,0,0,0,0,195902,STAAR - Reading
BANDERA ISD,Spring 2022,3,28,72,45,26,10902,STAAR - Reading
BANGS ISD,Spring 2022,3,16,84,66,36,25901,STAAR - Reading
BANQUETE ISD,Spring 2022,3,10,90,62,33,178913,STAAR - Reading
BARBERS HILL ISD,Spring 2022,3,9,91,74,52,36902,STAAR - Reading
BARTLETT ISD,Spring 2022,3,34,66,28,3,14902,STAAR - Reading
BASIS TEXAS,Spring 2022,3,4,96,85,66,15834,STAAR - Reading
BASTROP ISD,Spring 2022,3,35,65,40,22,11901,STAAR - Reading
BAY CITY ISD,Spring 2022,3,46,54,28,15,158901,STAAR - Reading
BEATRICE MAYES INSTITUTE CHARTER SCHOOL (101847),Spring 2022,3,32,68,44,20,101847,STAAR - Reading
BEAUMONT ISD,Spring 2022,3,47,53,29,14,123910,STAAR - Reading
BECKVILLE ISD,Spring 2022,3,7,93,60,26,183901,STAAR - Reading
BEEVILLE ISD,Spring 2022,3,25,75,39,19,13901,STAAR - Reading
BELLEVUE ISD,Spring 2022,3,0,100,60,40,39904,STAAR - Reading
BELLS ISD,Spring 2022,3,10,90,71,45,91901,STAAR - Reading
BELLVILLE ISD,Spring 2022,3,21,79,40,24,8901,STAAR - Reading
COLORADO ISD,Spring 2022,3,20,80,43,25,168901,STAAR - Reading
BELTON ISD,Spring 2022,3,21,79,51,29,14903,STAAR - Reading
BEN BOLT-PALITO BLANCO ISD,Spring 2022,3,29,71,42,16,125902,STAAR - Reading
BENAVIDES ISD,Spring 2022,3,38,62,12,12,66901,STAAR - Reading
BENJAMIN ISD,Spring 2022,3,0,100,71,43,138904,STAAR - Reading
BETA ACADEMY (101870),Spring 2022,3,9,91,61,30,101870,STAAR - Reading
BETTY M CONDRA SCHOOL FOR EDUCATION INNOVATION,Spring 2022,3,48,52,24,21,152806,STAAR - Reading
BEXAR COUNTY ACADEMY (015809),Spring 2022,3,48,52,29,14,15809,STAAR - Reading
BIG SANDY ISD (187901),Spring 2022,3,3,97,52,21,187901,STAAR - Reading
BIG SANDY ISD (230901),Spring 2022,3,23,78,53,38,230901,STAAR - Reading
BIG SPRING ISD,Spring 2022,3,34,66,37,19,114901,STAAR - Reading
BIG SPRINGS CHARTER SCHOOL (193801),Spring 2022,3,57,43,14,14,193801,STAAR - Reading
BIRDVILLE ISD,Spring 2022,3,21,79,55,35,220902,STAAR - Reading
BISHOP CISD,Spring 2022,3,22,78,52,35,178902,STAAR - Reading
BLACKWELL CISD,Spring 2022,3,0,100,73,36,177903,STAAR - Reading
BLANCO ISD,Spring 2022,3,24,76,47,27,16902,STAAR - Reading
BLAND ISD,Spring 2022,3,25,75,47,35,116915,STAAR - Reading
BLANKET ISD,Spring 2022,3,22,78,44,11,25904,STAAR - Reading
BLOOM ACADEMY CHARTER SCHOOL (101875),Spring 2022,3,53,47,33,12,101875,STAAR - Reading
BLOOMBURG ISD,Spring 2022,3,33,67,47,27,34909,STAAR - Reading
BLOOMING GROVE ISD,Spring 2022,3,17,83,52,22,175902,STAAR - Reading
COLUMBIA-BRAZORIA ISD,Spring 2022,3,23,77,55,34,20907,STAAR - Reading
COLUMBUS ISD,Spring 2022,3,32,68,41,22,45902,STAAR - Reading
COMAL ISD,Spring 2022,3,14,86,64,41,46902,STAAR - Reading
COMANCHE ISD,Spring 2022,3,30,70,38,20,47901,STAAR - Reading
COMFORT ISD,Spring 2022,3,22,78,38,15,130902,STAAR - Reading
COMMERCE ISD,Spring 2022,3,31,69,37,16,116903,STAAR - Reading
COMMUNITY ISD,Spring 2022,3,19,81,48,28,43918,STAAR - Reading
COMO-PICKTON CISD,Spring 2022,3,28,72,47,21,112908,STAAR - Reading
COMPASS ACADEMY CHARTER SCHOOL (068802),Spring 2022,3,18,82,59,29,68802,STAAR - Reading
COMPASS ROSE PUBLIC SCHOOLS,Spring 2022,3,51,49,27,14,15838,STAAR - Reading
COMQUEST ACADEMY (101842),Spring 2022,3,0,0,0,0,101842,STAAR - Reading
COMSTOCK ISD,Spring 2022,3,0,100,73,33,233903,STAAR - Reading
CONNALLY ISD,Spring 2022,3,37,63,28,13,161921,STAAR - Reading
CONROE ISD,Spring 2022,3,16,84,63,42,170902,STAAR - Reading
COOLIDGE ISD,Spring 2022,3,0,100,67,43,147901,STAAR - Reading
COOPER ISD,Spring 2022,3,28,72,53,28,60902,STAAR - Reading
COPPELL ISD,Spring 2022,3,9,91,74,54,57922,STAAR - Reading
COPPERAS COVE ISD,Spring 2022,3,19,81,51,28,50910,STAAR - Reading
CORPUS CHRISTI ISD,Spring 2022,3,26,74,48,26,178904,STAAR - Reading
CHISUM ISD,Spring 2022,3,11,89,73,36,139905,STAAR - Reading
CHRISTOVAL ISD,Spring 2022,3,3,97,82,65,226901,STAAR - Reading
CISCO ISD,Spring 2022,3,15,85,61,39,67902,STAAR - Reading
CITY VIEW ISD,Spring 2022,3,30,70,41,17,243906,STAAR - Reading
CITYSCAPE SCHOOLS,Spring 2022,3,46,54,29,10,57841,STAAR - Reading
CLARENDON ISD,Spring 2022,3,15,85,61,36,65901,STAAR - Reading
CLARKSVILLE ISD,Spring 2022,3,31,69,36,17,194904,STAAR - Reading
CLAUDE ISD,Spring 2022,3,3,97,77,52,6902,STAAR - Reading
CLEAR CREEK ISD,Spring 2022,3,15,85,62,41,84910,STAAR - Reading
CLEBURNE ISD,Spring 2022,3,25,75,43,22,126903,STAAR - Reading
CLEVELAND ISD,Spring 2022,3,39,61,28,12,146901,STAAR - Reading
CLIFTON ISD,Spring 2022,3,13,87,55,37,18901,STAAR - Reading
CLINT ISD,Spring 2022,3,33,67,38,17,71901,STAAR - Reading
CLYDE CISD,Spring 2022,3,23,77,45,24,30902,STAAR - Reading
COAHOMA ISD,Spring 2022,3,20,80,56,28,114902,STAAR - Reading
COLDSPRING-OAKHURST CISD,Spring 2022,3,27,73,45,24,204901,STAAR - Reading
COLEMAN ISD,Spring 2022,3,29,71,38,28,42901,STAAR - Reading
COLLEGE STATION ISD,Spring 2022,3,16,84,60,39,21901,STAAR - Reading
COLLINSVILLE ISD,Spring 2022,3,32,68,39,24,91902,STAAR - Reading
COLMESNEIL ISD,Spring 2022,3,33,68,25,23,229901,STAAR - Reading
CENTER POINT ISD,Spring 2022,3,32,68,39,23,133901,STAAR - Reading
CENTERVILLE ISD (145902),Spring 2022,3,6,94,53,27,145902,STAAR - Reading
CENTERVILLE ISD (228904),Spring 2022,3,0,0,0,0,228904,STAAR - Reading
CENTRAL HEIGHTS ISD,Spring 2022,3,11,89,65,34,174908,STAAR - Reading
CENTRAL ISD,Spring 2022,3,27,73,43,23,3907,STAAR - Reading
CHANNELVIEW ISD,Spring 2022,3,32,68,40,19,101905,STAAR - Reading
CHANNING ISD,Spring 2022,3,47,53,35,18,103901,STAAR - Reading
CHAPARRAL STAR ACADEMY (227814),Spring 2022,3,4,96,73,38,227814,STAAR - Reading
CHAPEL HILL ACADEMY (220815),Spring 2022,3,46,54,29,21,220815,STAAR - Reading
CHAPEL HILL ISD (212909),Spring 2022,3,26,74,52,32,212909,STAAR - Reading
CHAPEL HILL ISD (225906),Spring 2022,3,5,95,78,47,225906,STAAR - Reading
CHARLOTTE ISD,Spring 2022,3,38,62,33,21,7901,STAAR - Reading
CHEROKEE ISD,Spring 2022,3,0,100,86,71,206903,STAAR - Reading
CHESTER ISD,Spring 2022,3,14,86,71,29,229906,STAAR - Reading
CHICO ISD,Spring 2022,3,25,75,43,23,249904,STAAR - Reading
CHILDRESS ISD,Spring 2022,3,3,97,67,39,38901,STAAR - Reading
CHILLICOTHE ISD,Spring 2022,3,56,44,12,6,99902,STAAR - Reading
CHILTON ISD,Spring 2022,3,17,82,23,12,73901,STAAR - Reading
CHINA SPRING ISD,Spring 2022,3,15,85,66,42,161920,STAAR - Reading
CHIRENO ISD,Spring 2022,3,33,67,30,11,174901,STAAR - Reading
CALLISBURG ISD,Spring 2022,3,27,73,47,30,49905,STAAR - Reading
CALVERT ISD,Spring 2022,3,57,43,0,0,198902,STAAR - Reading
CAMERON ISD,Spring 2022,3,22,78,40,18,166901,STAAR - Reading
CAMPBELL ISD,Spring 2022,3,42,58,33,17,116910,STAAR - Reading
CANADIAN ISD,Spring 2022,3,2,98,62,31,106901,STAAR - Reading
CANTON ISD,Spring 2022,3,10,90,64,39,234902,STAAR - Reading
CANUTILLO ISD,Spring 2022,3,16,84,62,33,71907,STAAR - Reading
CANYON ISD,Spring 2022,3,11,89,64,41,191901,STAAR - Reading
CARLISLE ISD,Spring 2022,3,14,86,56,28,201913,STAAR - Reading
CARRIZO SPRINGS CISD,Spring 2022,3,31,69,45,25,64903,STAAR - Reading
CARROLL ISD,Spring 2022,3,2,98,90,72,220919,STAAR - Reading
CARROLLTON-FARMERS BRANCH ISD,Spring 2022,3,22,78,54,34,57903,STAAR - Reading
CARTHAGE ISD,Spring 2022,3,17,83,49,31,183902,STAAR - Reading
CASTLEBERRY ISD,Spring 2022,3,28,72,43,22,220917,STAAR - Reading
CAYUGA ISD,Spring 2022,3,17,82,72,53,1902,STAAR - Reading
CEDAR HILL ISD,Spring 2022,3,40,60,34,18,57904,STAAR - Reading
CEDARS INTERNATIONAL ACADEMY (227817),Spring 2022,3,45,55,24,12,227817,STAAR - Reading
CELESTE ISD,Spring 2022,3,32,68,35,19,116902,STAAR - Reading
CELINA ISD,Spring 2022,3,11,89,70,49,43903,STAAR - Reading
CENTER ISD,Spring 2022,3,27,73,43,20,210901,STAAR - Reading
BRUCEVILLE-EDDY ISD,Spring 2022,3,19,81,38,24,161919,STAAR - Reading
BRYAN ISD,Spring 2022,3,27,73,45,26,21902,STAAR - Reading
BRYSON ISD,Spring 2022,3,33,67,48,24,119901,STAAR - Reading
BUCKHOLTS ISD,Spring 2022,3,57,43,14,0,166907,STAAR - Reading
BUENA VISTA ISD,Spring 2022,3,16,84,42,21,186901,STAAR - Reading
BUFFALO ISD,Spring 2022,3,7,93,71,42,145901,STAAR - Reading
BULLARD ISD,Spring 2022,3,7,93,69,47,212902,STAAR - Reading
BUNA ISD,Spring 2022,3,19,81,55,36,121903,STAAR - Reading
BURKBURNETT ISD,Spring 2022,3,30,70,39,22,243901,STAAR - Reading
BURKEVILLE ISD,Spring 2022,3,62,38,6,6,176901,STAAR - Reading
BURLESON ISD,Spring 2022,3,17,83,59,37,126902,STAAR - Reading
BURNET CISD,Spring 2022,3,24,76,45,28,27903,STAAR - Reading
BURNHAM WOOD CHARTER SCHOOL DISTRICT,Spring 2022,3,12,88,68,37,71801,STAAR - Reading
BURTON ISD,Spring 2022,3,11,89,66,39,239903,STAAR - Reading
BUSHLAND ISD,Spring 2022,3,6,94,77,54,188904,STAAR - Reading
BYNUM ISD,Spring 2022,3,19,81,62,44,109902,STAAR - Reading
CADDO MILLS ISD,Spring 2022,3,9,91,65,38,116901,STAAR - Reading
CALALLEN ISD,Spring 2022,3,16,84,58,32,178903,STAAR - Reading
CALDWELL ISD,Spring 2022,3,19,81,57,34,26901,STAAR - Reading
CALHOUN COUNTY ISD,Spring 2022,3,16,84,53,29,29901,STAAR - Reading
BRAZOS RIVER CHARTER SCHOOL (213801),Spring 2022,3,0,0,0,0,213801,STAAR - Reading
BRAZOS SCHOOL FOR INQUIRY & CREATIVITY,Spring 2022,3,31,69,37,14,21803,STAAR - Reading
BRAZOSPORT ISD,Spring 2022,3,15,85,58,32,20905,STAAR - Reading
BRECKENRIDGE ISD,Spring 2022,3,19,81,43,22,215901,STAAR - Reading
BREMOND ISD,Spring 2022,3,24,76,41,29,198901,STAAR - Reading
BRENHAM ISD,Spring 2022,3,31,69,40,20,239901,STAAR - Reading
BRIDGE CITY ISD,Spring 2022,3,15,85,56,36,181901,STAAR - Reading
BRIDGEPORT ISD,Spring 2022,3,29,71,49,29,249903,STAAR - Reading
BRIDGEWAY PREPARATORY ACADEMY (057851),Spring 2022,3,80,20,20,0,57851,STAAR - Reading
BROADDUS ISD,Spring 2022,3,25,75,50,45,203902,STAAR - Reading
BROCK ISD,Spring 2022,3,13,87,71,42,184909,STAAR - Reading
BRONTE ISD (041901),Spring 2022,3,13,87,57,43,41901,STAAR - Reading
BROOKELAND ISD,Spring 2022,3,26,74,48,16,121902,STAAR - Reading
BROOKESMITH ISD,Spring 2022,3,12,88,25,0,25908,STAAR - Reading
BROOKS ACADEMIES OF TEXAS,Spring 2022,3,30,70,38,21,15830,STAAR - Reading
BROOKS COUNTY ISD,Spring 2022,3,50,50,25,16,24901,STAAR - Reading
BROWNFIELD ISD,Spring 2022,3,54,46,28,11,223901,STAAR - Reading
BROWNSBORO ISD,Spring 2022,3,17,83,55,35,107902,STAAR - Reading
BROWNSVILLE ISD,Spring 2022,3,27,73,46,23,31901,STAAR - Reading
BROWNWOOD ISD,Spring 2022,3,23,77,50,29,25902,STAAR - Reading
BLOOMINGTON ISD,Spring 2022,3,51,49,22,12,235901,STAAR - Reading
BLUE RIDGE ISD,Spring 2022,3,16,84,57,43,43917,STAAR - Reading
BLUFF DALE ISD,Spring 2022,3,19,81,38,31,72904,STAAR - Reading
BLUM ISD (109913),Spring 2022,3,14,86,67,33,109913,STAAR - Reading
BOB HOPE SCHOOL (123807),Spring 2022,3,17,83,47,24,123807,STAAR - Reading
BOERNE ISD,Spring 2022,3,10,90,71,46,130901,STAAR - Reading
BOLES ISD,Spring 2022,3,22,78,44,25,116916,STAAR - Reading
BOLING ISD,Spring 2022,3,34,66,47,29,241901,STAAR - Reading
BONHAM ISD,Spring 2022,3,25,75,36,18,74903,STAAR - Reading
BOOKER ISD,Spring 2022,3,18,82,55,27,148901,STAAR - Reading
BORDEN COUNTY ISD,Spring 2022,3,0,100,72,44,17901,STAAR - Reading
BORGER ISD,Spring 2022,3,28,72,48,26,117901,STAAR - Reading
BOSQUEVILLE ISD,Spring 2022,3,9,91,62,31,161923,STAAR - Reading
BOVINA ISD,Spring 2022,3,32,68,42,29,185901,STAAR - Reading
BOWIE ISD,Spring 2022,3,39,61,35,18,169901,STAAR - Reading
BOYD ISD,Spring 2022,3,24,76,46,24,249902,STAAR - Reading
BOYS RANCH ISD,Spring 2022,3,0,100,50,33,180901,STAAR - Reading
BRACKETT ISD,Spring 2022,3,17,83,48,21,136901,STAAR - Reading
BRADY ISD,Spring 2022,3,12,88,50,34,160901,STAAR - Reading
BRAZOS ISD,Spring 2022,3,33,67,25,8,8903,STAAR - Reading
CORPUS CHRISTI MONTESSORI SCHOOL (178807),Spring 2022,3,18,82,71,47,178807,STAAR - Reading
CORRIGAN-CAMDEN ISD,Spring 2022,3,18,82,53,26,187904,STAAR - Reading
CORSICANA ISD,Spring 2022,3,25,75,46,26,175903,STAAR - Reading
COTTON CENTER ISD,Spring 2022,3,33,67,50,33,95902,STAAR - Reading
COTULLA ISD,Spring 2022,3,44,56,30,14,142901,STAAR - Reading
COUPLAND ISD,Spring 2022,3,28,72,36,8,246914,STAAR - Reading
COVINGTON ISD,Spring 2022,3,20,80,52,32,109903,STAAR - Reading
CRANDALL ISD,Spring 2022,3,31,69,39,23,129901,STAAR - Reading
CRANE ISD,Spring 2022,3,31,69,36,25,52901,STAAR - Reading
CRANFILLS GAP ISD,Spring 2022,3,31,69,46,15,18908,STAAR - Reading
CRAWFORD ISD,Spring 2022,3,10,90,67,51,161901,STAAR - Reading
CROCKETT COUNTY CONSOLIDATED CSD,Spring 2022,3,4,96,57,20,53001,STAAR - Reading
CROCKETT ISD,Spring 2022,3,41,59,29,10,113901,STAAR - Reading
CROSBY ISD,Spring 2022,3,21,79,53,32,101906,STAAR - Reading
CROSBYTON CISD,Spring 2022,3,6,94,62,25,54901,STAAR - Reading
CROSS PLAINS ISD,Spring 2022,3,4,96,70,44,30901,STAAR - Reading
CROSS ROADS ISD,Spring 2022,3,8,92,42,33,107904,STAAR - Reading
CROWELL ISD,Spring 2022,3,17,83,42,33,78901,STAAR - Reading
CROWLEY ISD,Spring 2022,3,30,70,43,22,220912,STAAR - Reading
CRYSTAL CITY ISD,Spring 2022,3,35,65,33,19,254901,STAAR - Reading
CUERO ISD,Spring 2022,3,27,73,44,23,62901,STAAR - Reading
CULBERSON COUNTY-ALLAMOORE ISD,Spring 2022,3,41,59,31,16,55901,STAAR - Reading
CUMBERLAND ACADEMY,Spring 2022,3,24,76,43,24,212801,STAAR - Reading
CUMBY COLLEGIATE ISD,Spring 2022,3,17,83,33,20,112905,STAAR - Reading
CUSHING ISD,Spring 2022,3,24,76,49,24,174902,STAAR - Reading
CYPRESS-FAIRBANKS ISD,Spring 2022,3,20,80,58,35,101907,STAAR - Reading
D'HANIS ISD,Spring 2022,3,0,100,100,77,163902,STAAR - Reading
DAINGERFIELD-LONE STAR ISD,Spring 2022,3,21,79,33,15,172902,STAAR - Reading
DALHART ISD,Spring 2022,3,52,48,24,11,56901,STAAR - Reading
DALLAS ISD (057905),Spring 2022,3,30,70,45,27,57905,STAAR - Reading
DAMON ISD,Spring 2022,3,38,62,38,0,20910,STAAR - Reading
DANBURY ISD,Spring 2022,3,25,75,58,23,20904,STAAR - Reading
DARROUZETT ISD,Spring 2022,3,50,50,0,0,148905,STAAR - Reading
DAWSON ISD (058902),Spring 2022,3,29,71,36,21,58902,STAAR - Reading
DAWSON ISD (175904),Spring 2022,3,14,86,59,21,175904,STAAR - Reading
DAYTON ISD,Spring 2022,3,24,76,42,22,146902,STAAR - Reading
DE LEON ISD,Spring 2022,3,10,90,62,42,47902,STAAR - Reading
DECATUR ISD,Spring 2022,3,22,78,50,25,249905,STAAR - Reading
DEER PARK ISD,Spring 2022,3,18,82,57,35,101908,STAAR - Reading
DEKALB ISD,Spring 2022,3,13,87,53,29,19901,STAAR - Reading
DEL VALLE ISD,Spring 2022,3,33,67,36,16,227910,STAAR - Reading
DELL CITY ISD,Spring 2022,3,40,60,40,20,115903,STAAR - Reading
DENISON ISD,Spring 2022,3,19,81,50,26,91903,STAAR - Reading
DENTON ISD,Spring 2022,3,23,77,52,32,61901,STAAR - Reading
DENVER CITY ISD,Spring 2022,3,26,74,40,23,251901,STAAR - Reading
DESOTO ISD,Spring 2022,3,38,62,31,16,57906,STAAR - Reading
DETROIT ISD,Spring 2022,3,12,88,45,24,194905,STAAR - Reading
DEVERS ISD,Spring 2022,3,0,100,90,71,146903,STAAR - Reading
DEVINE ISD,Spring 2022,3,17,83,52,30,163901,STAAR - Reading
DEW ISD,Spring 2022,3,0,100,64,55,81906,STAAR - Reading
DEWEYVILLE ISD,Spring 2022,3,28,72,44,28,176903,STAAR - Reading
DIBOLL ISD,Spring 2022,3,15,85,54,25,3905,STAAR - Reading
DICKINSON ISD,Spring 2022,3,23,77,50,28,84901,STAAR - Reading
DILLEY ISD,Spring 2022,3,43,57,31,16,82902,STAAR - Reading
DIME BOX ISD,Spring 2022,3,33,67,20,13,144903,STAAR - Reading
DIMMITT ISD,Spring 2022,3,45,55,25,14,35901,STAAR - Reading
DIVIDE ISD,Spring 2022,3,0,100,60,0,133905,STAAR - Reading
DODD CITY ISD,Spring 2022,3,12,88,58,29,74904,STAAR - Reading
DONNA ISD,Spring 2022,3,37,63,34,15,108902,STAAR - Reading
DOSS CONSOLIDATED CSD,Spring 2022,3,0,100,40,20,86024,STAAR - Reading
DOUGLASS ISD,Spring 2022,3,10,90,76,38,174911,STAAR - Reading
DR M L GARZA-GONZALEZ CHARTER SCHOOL (178801),Spring 2022,3,26,74,26,21,178801,STAAR - Reading
DRAW ACADEMY (101856),Spring 2022,3,43,57,20,11,101856,STAAR - Reading
DRIPPING SPRINGS ISD,Spring 2022,3,7,93,71,51,105904,STAAR - Reading
DRISCOLL ISD,Spring 2022,3,8,92,53,24,178905,STAAR - Reading
DUBLIN ISD,Spring 2022,3,5,95,77,49,72902,STAAR - Reading
DUMAS ISD,Spring 2022,3,24,76,52,23,171901,STAAR - Reading
DUNCANVILLE ISD (057907),Spring 2022,3,42,58,34,17,57907,STAAR - Reading
EAGLE MT-SAGINAW ISD,Spring 2022,3,26,74,49,26,220918,STAAR - Reading
EAGLE PASS ISD,Spring 2022,3,26,74,43,22,159901,STAAR - Reading
EANES ISD,Spring 2022,3,4,96,82,56,227909,STAAR - Reading
EARLY ISD,Spring 2022,3,14,86,55,31,25909,STAAR - Reading
EAST BERNARD ISD,Spring 2022,3,14,86,64,34,241902,STAAR - Reading
EAST CENTRAL ISD,Spring 2022,3,39,61,30,16,15911,STAAR - Reading
EAST CHAMBERS ISD,Spring 2022,3,16,84,56,28,36903,STAAR - Reading
EAST FORT WORTH MONTESSORI ACADEMY (220811),Spring 2022,3,21,79,54,32,220811,STAAR - Reading
EASTLAND ISD,Spring 2022,3,18,82,48,24,67903,STAAR - Reading
ECTOR COUNTY ISD,Spring 2022,3,32,68,40,21,68901,STAAR - Reading
ECTOR ISD,Spring 2022,3,57,43,29,7,74905,STAAR - Reading
EDCOUCH-ELSA ISD,Spring 2022,3,35,65,37,17,108903,STAAR - Reading
EDEN CISD (048901),Spring 2022,3,38,62,50,50,48901,STAAR - Reading
EDGEWOOD ISD (015905),Spring 2022,3,47,53,28,13,15905,STAAR - Reading
EDGEWOOD ISD (234903),Spring 2022,3,29,71,34,13,234903,STAAR - Reading
EDINBURG CISD,Spring 2022,3,21,79,52,30,108904,STAAR - Reading
EDNA ISD,Spring 2022,3,15,85,49,28,120901,STAAR - Reading
EDUCATION CENTER INTERNATIONAL ACADEMY,Spring 2022,3,23,77,34,19,57833,STAAR - Reading
EHRHART SCHOOL (123805),Spring 2022,3,9,91,54,26,123805,STAAR - Reading
EL CAMPO ISD,Spring 2022,3,28,72,45,26,241903,STAAR - Reading
EL PASO ISD,Spring 2022,3,20,80,55,32,71902,STAAR - Reading
ELEANOR KOLITZ HEBREW LANGUAGE ACADEMY (015836),Spring 2022,3,5,95,82,67,15836,STAAR - Reading
ELECTRA ISD,Spring 2022,3,69,31,23,11,243902,STAAR - Reading
ELGIN ISD,Spring 2022,3,31,69,39,17,11902,STAAR - Reading
ELKHART ISD,Spring 2022,3,12,88,56,31,1903,STAAR - Reading
ELYSIAN FIELDS ISD,Spring 2022,3,3,97,53,26,102906,STAAR - Reading
ENNIS ISD,Spring 2022,3,21,79,47,28,70903,STAAR - Reading
ERA ISD,Spring 2022,3,18,82,59,33,49906,STAAR - Reading
ETOILE ISD,Spring 2022,3,40,60,60,10,174910,STAAR - Reading
EULA ISD,Spring 2022,3,5,95,57,23,30906,STAAR - Reading
EUSTACE ISD,Spring 2022,3,18,82,57,28,107905,STAAR - Reading
EVADALE ISD,Spring 2022,3,29,71,29,10,121906,STAAR - Reading
EVANT ISD,Spring 2022,3,27,73,33,13,50901,STAAR - Reading
EVERMAN ISD,Spring 2022,3,29,71,42,27,220904,STAAR - Reading
EXCELLENCE IN LEADERSHIP ACADEMY (108809),Spring 2022,3,33,67,48,22,108809,STAAR - Reading
EXCELSIOR ISD,Spring 2022,3,60,40,20,20,210906,STAAR - Reading
EZZELL ISD,Spring 2022,3,0,100,88,38,143906,STAAR - Reading
FABENS ISD,Spring 2022,3,39,61,28,12,71903,STAAR - Reading
FAIRFIELD ISD,Spring 2022,3,28,72,46,31,81902,STAAR - Reading
FALLS CITY ISD,Spring 2022,3,0,100,73,50,128904,STAAR - Reading
FANNINDEL ISD,Spring 2022,3,36,64,18,9,60914,STAAR - Reading
FARMERSVILLE ISD,Spring 2022,3,18,82,61,39,43904,STAAR - Reading
FARWELL ISD,Spring 2022,3,8,92,79,28,185902,STAAR - Reading
FAYETTEVILLE ISD,Spring 2022,3,22,78,50,33,75906,STAAR - Reading
FERRIS ISD,Spring 2022,3,21,79,51,30,70905,STAAR - Reading
FLATONIA ISD,Spring 2022,3,7,93,74,44,75901,STAAR - Reading
FLORENCE ISD,Spring 2022,3,42,58,36,21,246902,STAAR - Reading
FLORESVILLE ISD,Spring 2022,3,24,76,49,28,247901,STAAR - Reading
FLOUR BLUFF ISD,Spring 2022,3,13,87,59,33,178914,STAAR - Reading
FLOYDADA COLLEGIATE ISD,Spring 2022,3,25,75,44,27,77901,STAAR - Reading
FOLLETT ISD,Spring 2022,3,18,82,45,9,148902,STAAR - Reading
FORESTBURG ISD,Spring 2022,3,20,80,40,20,169910,STAAR - Reading
FORNEY ISD,Spring 2022,3,23,77,51,31,129902,STAAR - Reading
FORSAN ISD,Spring 2022,3,18,82,58,40,114904,STAAR - Reading
FORT BEND ISD,Spring 2022,3,18,82,60,39,79907,STAAR - Reading
FORT ELLIOTT CISD,Spring 2022,3,23,77,46,23,242906,STAAR - Reading
FORT STOCKTON ISD,Spring 2022,3,23,77,42,20,186902,STAAR - Reading
FORT WORTH ACADEMY OF FINE ARTS (220809),Spring 2022,3,0,100,92,66,220809,STAAR - Reading
FORT WORTH ISD,Spring 2022,3,34,66,38,20,220905,STAAR - Reading
FRANKLIN ISD,Spring 2022,3,4,96,74,52,198903,STAAR - Reading
FRANKSTON ISD,Spring 2022,3,11,89,51,18,1904,STAAR - Reading
FREDERICKSBURG ISD,Spring 2022,3,21,79,58,37,86901,STAAR - Reading
FREER ISD,Spring 2022,3,18,82,44,18,66903,STAAR - Reading
FRENSHIP ISD,Spring 2022,3,14,86,63,39,152907,STAAR - Reading
FRIENDSWOOD ISD,Spring 2022,3,8,92,74,53,84911,STAAR - Reading
FRIONA ISD,Spring 2022,3,43,57,27,12,185903,STAAR - Reading
FRISCO ISD,Spring 2022,3,9,91,72,49,43905,STAAR - Reading
FROST ISD,Spring 2022,3,23,77,41,27,175905,STAAR - Reading
FRUITVALE ISD,Spring 2022,3,8,92,60,24,234909,STAAR - Reading
FT DAVIS ISD,Spring 2022,3,20,80,40,40,122901,STAAR - Reading
FT HANCOCK ISD,Spring 2022,3,29,71,25,17,115901,STAAR - Reading
FT SAM HOUSTON ISD,Spring 2022,3,18,82,59,42,15914,STAAR - Reading
HUNT ISD,Spring 2022,3,5,95,52,33,133902,STAAR - Reading
HUNTINGTON ISD,Spring 2022,3,18,82,51,25,3904,STAAR - Reading
HUNTSVILLE ISD,Spring 2022,3,36,64,39,21,236902,STAAR - Reading
HURST-EULESS-BEDFORD ISD,Spring 2022,3,14,86,64,41,220916,STAAR - Reading
HUTTO ISD,Spring 2022,3,20,80,50,32,246906,STAAR - Reading
IDALOU ISD,Spring 2022,3,7,93,80,66,152910,STAAR - Reading
IDEA PUBLIC SCHOOLS,Spring 2022,3,24,76,50,28,108807,STAAR - Reading
IMAGINE INTERNATIONAL ACADEMY OF NORTH TEXAS (043801),Spring 2022,3,7,93,73,51,43801,STAAR - Reading
INDUSTRIAL ISD,Spring 2022,3,0,100,76,46,120905,STAAR - Reading
INGLESIDE ISD,Spring 2022,3,20,80,56,32,205903,STAAR - Reading
INGRAM ISD,Spring 2022,3,24,76,47,20,133904,STAAR - Reading
INSPIRE ACADEMIES,Spring 2022,3,16,84,52,39,15808,STAAR - Reading
INSPIRED VISION ACADEMY,Spring 2022,3,40,60,29,22,57830,STAAR - Reading
INTERNATIONAL LEADERSHIP OF TEXAS (ILTEXAS),Spring 2022,3,34,66,39,21,57848,STAAR - Reading
IOLA ISD,Spring 2022,3,7,93,71,44,93903,STAAR - Reading
IOWA PARK CISD,Spring 2022,3,16,84,50,25,243903,STAAR - Reading
IRA ISD,Spring 2022,3,0,100,67,43,208903,STAAR - Reading
IRAAN-SHEFFIELD COLLEGIATE ISD,Spring 2022,3,39,61,26,17,186903,STAAR - Reading
IREDELL ISD,Spring 2022,3,0,100,83,50,18906,STAAR - Reading
IRION COUNTY ISD,Spring 2022,3,0,100,65,50,118902,STAAR - Reading
HIGHLAND PARK ISD (188903),Spring 2022,3,14,86,54,30,188903,STAAR - Reading
HILLSBORO ISD,Spring 2022,3,20,80,46,25,109904,STAAR - Reading
HITCHCOCK ISD,Spring 2022,3,36,64,28,20,84908,STAAR - Reading
HOLLAND ISD,Spring 2022,3,7,93,67,38,14905,STAAR - Reading
HOLLIDAY ISD,Spring 2022,3,21,79,48,31,5902,STAAR - Reading
HONDO ISD,Spring 2022,3,33,67,37,19,163904,STAAR - Reading
HONEY GROVE ISD,Spring 2022,3,3,97,72,47,74907,STAAR - Reading
HOOKS ISD,Spring 2022,3,11,89,78,51,19902,STAAR - Reading
HORIZON MONTESSORI PUBLIC SCHOOLS,Spring 2022,3,29,71,46,29,108802,STAAR - Reading
HOUSTON GATEWAY ACADEMY INC,Spring 2022,3,10,90,68,38,101828,STAAR - Reading
HOUSTON ISD (101912),Spring 2022,3,27,73,49,30,101912,STAAR - Reading
HOWE ISD,Spring 2022,3,26,74,45,27,91905,STAAR - Reading
HUBBARD ISD (019913),Spring 2022,3,29,71,43,0,19913,STAAR - Reading
HUBBARD ISD (109905),Spring 2022,3,25,75,50,25,109905,STAAR - Reading
HUCKABAY ISD,Spring 2022,3,7,93,72,31,72908,STAAR - Reading
HUDSON ISD,Spring 2022,3,19,81,53,29,3902,STAAR - Reading
HUFFMAN ISD,Spring 2022,3,24,76,49,24,101925,STAAR - Reading
HUGHES SPRINGS ISD,Spring 2022,3,17,83,52,24,34903,STAAR - Reading
HULL-DAISETTA ISD,Spring 2022,3,44,56,25,14,146905,STAAR - Reading
HUMBLE ISD,Spring 2022,3,21,79,53,30,101913,STAAR - Reading
HARTS BLUFF ISD,Spring 2022,3,29,71,38,16,225907,STAAR - Reading
HASKELL CISD,Spring 2022,3,15,85,53,30,104901,STAAR - Reading
HAWKINS ISD,Spring 2022,3,22,78,39,24,250902,STAAR - Reading
HAWLEY ISD,Spring 2022,3,23,77,52,27,127904,STAAR - Reading
HAYS CISD,Spring 2022,3,18,82,56,34,105906,STAAR - Reading
HEARNE ISD,Spring 2022,3,44,56,33,14,198905,STAAR - Reading
HEDLEY ISD,Spring 2022,3,0,100,88,75,65902,STAAR - Reading
HEMPHILL ISD,Spring 2022,3,20,80,45,21,202903,STAAR - Reading
HEMPSTEAD ISD,Spring 2022,3,37,63,37,17,237902,STAAR - Reading
HENDERSON ISD,Spring 2022,3,37,63,30,17,201902,STAAR - Reading
HENRIETTA ISD,Spring 2022,3,18,82,39,18,39902,STAAR - Reading
HEREFORD ISD,Spring 2022,3,24,76,41,21,59901,STAAR - Reading
HERITAGE ACADEMY (015815),Spring 2022,3,44,56,39,28,15815,STAAR - Reading
HERMLEIGH ISD,Spring 2022,3,36,64,45,27,208901,STAAR - Reading
HICO ISD,Spring 2022,3,9,91,63,23,97903,STAAR - Reading
HIDALGO ISD,Spring 2022,3,14,86,65,39,108905,STAAR - Reading
HIGH ISLAND ISD,Spring 2022,3,0,100,50,0,84903,STAAR - Reading
HIGH POINT ACADEMY (220819),Spring 2022,3,20,80,57,33,220819,STAAR - Reading
HIGHLAND ISD,Spring 2022,3,0,100,78,22,177905,STAAR - Reading
HIGHLAND PARK ISD (057911),Spring 2022,3,3,97,88,67,57911,STAAR - Reading
HAMLIN COLLEGIATE ISD,Spring 2022,3,32,68,47,24,127903,STAAR - Reading
HAMSHIRE-FANNETT ISD,Spring 2022,3,10,90,60,35,123914,STAAR - Reading
HAPPY ISD,Spring 2022,3,17,83,61,44,219901,STAAR - Reading
HARDIN ISD,Spring 2022,3,19,81,58,31,146904,STAAR - Reading
HARDIN-JEFFERSON ISD,Spring 2022,3,24,76,49,29,100905,STAAR - Reading
HARLANDALE ISD,Spring 2022,3,35,65,35,17,15904,STAAR - Reading
HARLETON ISD,Spring 2022,3,11,89,62,38,102905,STAAR - Reading
HARLINGEN CISD,Spring 2022,3,24,76,46,24,31903,STAAR - Reading
HARMONY ISD,Spring 2022,3,10,90,69,27,230905,STAAR - Reading
HARMONY PUBLIC SCHOOLS - CENTRAL TEXAS,Spring 2022,3,23,77,53,38,227816,STAAR - Reading
HARMONY PUBLIC SCHOOLS - HOUSTON NORTH,Spring 2022,3,25,75,50,28,101858,STAAR - Reading
HARMONY PUBLIC SCHOOLS - HOUSTON SOUTH,Spring 2022,3,23,77,49,22,101846,STAAR - Reading
HARMONY PUBLIC SCHOOLS - HOUSTON WEST,Spring 2022,3,18,82,58,39,101862,STAAR - Reading
HARMONY PUBLIC SCHOOLS - NORTH TEXAS,Spring 2022,3,28,72,45,26,161807,STAAR - Reading
HARMONY PUBLIC SCHOOLS - SOUTH TEXAS,Spring 2022,3,39,61,29,15,15828,STAAR - Reading
HARMONY PUBLIC SCHOOLS - WEST TEXAS,Spring 2022,3,23,77,51,31,71806,STAAR - Reading
HARPER ISD,Spring 2022,3,13,87,39,24,86902,STAAR - Reading
HARROLD ISD,Spring 2022,3,12,88,62,50,244901,STAAR - Reading
HART ISD (035902),Spring 2022,3,20,80,60,40,35902,STAAR - Reading
HARTLEY ISD,Spring 2022,3,10,90,57,38,103902,STAAR - Reading
GRANGER ISD,Spring 2022,3,43,57,21,7,246905,STAAR - Reading
GRAPE CREEK ISD,Spring 2022,3,30,70,49,30,226907,STAAR - Reading
GRAPELAND ISD,Spring 2022,3,20,80,53,23,113902,STAAR - Reading
GRAPEVINE-COLLEYVILLE ISD,Spring 2022,3,13,87,67,48,220906,STAAR - Reading
GREAT HEARTS TEXAS,Spring 2022,3,13,87,63,38,15835,STAAR - Reading
GREENVILLE ISD,Spring 2022,3,34,66,38,21,116905,STAAR - Reading
GREENWOOD ISD,Spring 2022,3,16,84,52,32,165902,STAAR - Reading
GREGORY-PORTLAND ISD,Spring 2022,3,18,82,52,31,205902,STAAR - Reading
GROESBECK ISD,Spring 2022,3,19,81,49,25,147902,STAAR - Reading
GROOM ISD,Spring 2022,3,0,100,90,60,33901,STAAR - Reading
GROVETON ISD,Spring 2022,3,27,73,46,21,228901,STAAR - Reading
GRUVER ISD,Spring 2022,3,5,95,80,40,98901,STAAR - Reading
GUNTER ISD,Spring 2022,3,10,90,59,34,91917,STAAR - Reading
GUSTINE ISD,Spring 2022,3,11,89,56,33,47903,STAAR - Reading
GUTHRIE CSD,Spring 2022,3,0,100,100,43,135001,STAAR - Reading
HALE CENTER ISD,Spring 2022,3,10,90,39,27,95903,STAAR - Reading
HALLETTSVILLE ISD,Spring 2022,3,17,83,53,31,143901,STAAR - Reading
HALLSBURG ISD,Spring 2022,3,5,95,53,16,161924,STAAR - Reading
HALLSVILLE ISD,Spring 2022,3,22,78,49,29,102904,STAAR - Reading
HAMILTON ISD,Spring 2022,3,17,83,56,24,97902,STAAR - Reading
GODLEY ISD,Spring 2022,3,20,80,52,27,126911,STAAR - Reading
GOLD BURG ISD,Spring 2022,3,14,86,71,29,169906,STAAR - Reading
GOLDEN RULE CHARTER SCHOOL (057835),Spring 2022,3,15,85,56,35,57835,STAAR - Reading
GOLDTHWAITE ISD,Spring 2022,3,5,95,71,50,167901,STAAR - Reading
GOLIAD ISD,Spring 2022,3,20,80,49,22,88902,STAAR - Reading
GONZALES ISD,Spring 2022,3,30,70,39,17,89901,STAAR - Reading
GOODRICH ISD,Spring 2022,3,38,62,33,19,187903,STAAR - Reading
GOODWATER MONTESSORI SCHOOL (246802),Spring 2022,3,42,58,50,31,246802,STAAR - Reading
GOOSE CREEK CISD,Spring 2022,3,26,74,48,26,101911,STAAR - Reading
GORDON ISD,Spring 2022,3,8,92,62,38,182901,STAAR - Reading
GORMAN ISD,Spring 2022,3,5,95,82,45,67904,STAAR - Reading
GRADY ISD,Spring 2022,3,0,100,91,64,156905,STAAR - Reading
GRAFORD ISD,Spring 2022,3,44,56,28,22,182902,STAAR - Reading
GRAHAM ISD,Spring 2022,3,22,78,50,33,252901,STAAR - Reading
GRANBURY ISD,Spring 2022,3,16,84,62,42,111901,STAAR - Reading
GRAND PRAIRIE ISD,Spring 2022,3,22,78,53,31,57910,STAAR - Reading
GRAND SALINE ISD,Spring 2022,3,26,74,43,22,234904,STAAR - Reading
GRANDFALLS-ROYALTY ISD,Spring 2022,3,38,62,23,23,238904,STAAR - Reading
GRANDVIEW ISD,Spring 2022,3,12,88,68,36,126904,STAAR - Reading
GRANDVIEW-HOPKINS ISD,Spring 2022,3,0,0,0,0,90905,STAAR - Reading
GAINESVILLE ISD,Spring 2022,3,42,58,37,17,49901,STAAR - Reading
GALENA PARK ISD (101910),Spring 2022,3,23,77,46,24,101910,STAAR - Reading
GALVESTON ISD,Spring 2022,3,22,78,49,29,84902,STAAR - Reading
GANADO ISD,Spring 2022,3,18,82,70,46,120902,STAAR - Reading
GARLAND ISD,Spring 2022,3,22,78,52,30,57909,STAAR - Reading
GARNER ISD (184911),Spring 2022,3,36,64,41,32,184911,STAAR - Reading
GARRISON ISD,Spring 2022,3,11,89,70,46,174903,STAAR - Reading
GARY ISD,Spring 2022,3,18,82,55,34,183904,STAAR - Reading
GATESVILLE ISD,Spring 2022,3,12,88,57,36,50902,STAAR - Reading
GATEWAY CHARTER ACADEMY (057831),Spring 2022,3,49,51,26,6,57831,STAAR - Reading
GAUSE ISD,Spring 2022,3,7,93,86,21,166902,STAAR - Reading
GEORGE GERVIN ACADEMY (015802),Spring 2022,3,58,42,23,10,15802,STAAR - Reading
GEORGE WEST ISD,Spring 2022,3,10,90,75,52,149901,STAAR - Reading
GEORGETOWN ISD,Spring 2022,3,25,75,49,30,246904,STAAR - Reading
GHOLSON ISD,Spring 2022,3,44,56,22,0,161925,STAAR - Reading
GIDDINGS ISD,Spring 2022,3,18,82,47,26,144901,STAAR - Reading
GILMER ISD,Spring 2022,3,26,74,48,24,230902,STAAR - Reading
GLADEWATER ISD,Spring 2022,3,40,60,31,15,92901,STAAR - Reading
GLASSCOCK COUNTY ISD,Spring 2022,3,7,93,86,71,87901,STAAR - Reading
GLEN ROSE ISD,Spring 2022,3,14,86,64,43,213901,STAAR - Reading
MOTLEY COUNTY ISD,Spring 2022,3,10,90,80,60,173901,STAAR - Reading
MOULTON ISD,Spring 2022,3,32,68,47,26,143902,STAAR - Reading
MOUNT CALM ISD (109910),Spring 2022,3,40,60,13,7,109910,STAAR - Reading
MOUNT ENTERPRISE ISD,Spring 2022,3,14,86,56,33,201907,STAAR - Reading
MOUNT PLEASANT ISD,Spring 2022,3,16,84,62,32,225902,STAAR - Reading
MOUNT VERNON ISD,Spring 2022,3,18,82,51,33,80901,STAAR - Reading
MUENSTER ISD,Spring 2022,3,9,91,77,66,49902,STAAR - Reading
MULESHOE ISD,Spring 2022,3,37,63,29,16,9901,STAAR - Reading
MULLIN ISD (167902),Spring 2022,3,43,57,43,43,167902,STAAR - Reading
MUMFORD ISD,Spring 2022,3,0,100,88,45,198906,STAAR - Reading
MUNDAY CISD,Spring 2022,3,17,83,45,28,138903,STAAR - Reading
MURCHISON ISD,Spring 2022,3,26,74,30,4,107908,STAAR - Reading
NACOGDOCHES ISD,Spring 2022,3,45,55,30,13,174904,STAAR - Reading
NATALIA ISD,Spring 2022,3,41,59,36,26,163903,STAAR - Reading
NAVARRO ISD,Spring 2022,3,14,86,50,26,94903,STAAR - Reading
NAVASOTA ISD,Spring 2022,3,24,76,46,21,93904,STAAR - Reading
NAZARETH ISD,Spring 2022,3,14,86,77,55,35903,STAAR - Reading
NECHES ISD,Spring 2022,3,10,90,65,30,1906,STAAR - Reading
NEDERLAND ISD,Spring 2022,3,12,88,64,36,123905,STAAR - Reading
NEEDVILLE ISD,Spring 2022,3,13,87,61,33,79906,STAAR - Reading
MIDWAY ISD (161903),Spring 2022,3,13,87,65,43,161903,STAAR - Reading
MILANO ISD,Spring 2022,3,0,100,80,40,166903,STAAR - Reading
MILDRED ISD,Spring 2022,3,22,78,57,31,175910,STAAR - Reading
MILES ISD,Spring 2022,3,9,91,75,44,200902,STAAR - Reading
MILFORD ISD,Spring 2022,3,20,80,50,30,70909,STAAR - Reading
MILLER GROVE ISD,Spring 2022,3,5,95,63,37,112907,STAAR - Reading
MILLSAP ISD,Spring 2022,3,33,67,37,23,184904,STAAR - Reading
MINEOLA ISD,Spring 2022,3,18,82,45,23,250903,STAAR - Reading
MINERAL WELLS ISD,Spring 2022,3,24,76,50,24,182903,STAAR - Reading
MISSION CISD (108908),Spring 2022,3,27,73,46,23,108908,STAAR - Reading
MONAHANS-WICKETT-PYOTE ISD,Spring 2022,3,13,87,60,38,238902,STAAR - Reading
MONTAGUE ISD,Spring 2022,3,0,100,60,40,169908,STAAR - Reading
MONTE ALTO ISD,Spring 2022,3,36,64,36,11,108915,STAAR - Reading
MONTESSORI FOR ALL,Spring 2022,3,18,82,55,38,227826,STAAR - Reading
MONTGOMERY ISD,Spring 2022,3,8,92,74,48,170903,STAAR - Reading
MOODY ISD,Spring 2022,3,9,91,63,43,161910,STAAR - Reading
MORAN ISD,Spring 2022,3,17,83,67,67,209902,STAAR - Reading
MORGAN ISD,Spring 2022,3,50,50,25,25,18903,STAAR - Reading
MORGAN MILL ISD,Spring 2022,3,36,64,45,18,72910,STAAR - Reading
MORTON ISD,Spring 2022,3,32,68,32,21,40901,STAAR - Reading
MEADOW ISD,Spring 2022,3,27,73,45,18,223902,STAAR - Reading
MEADOWLAND CHARTER DISTRICT,Spring 2022,3,67,33,17,17,130801,STAAR - Reading
MEDINA ISD,Spring 2022,3,15,85,65,25,10901,STAAR - Reading
MEDINA VALLEY ISD,Spring 2022,3,18,82,59,37,163908,STAAR - Reading
MELISSA ISD,Spring 2022,3,12,88,71,47,43908,STAAR - Reading
MEMPHIS ISD,Spring 2022,3,24,76,43,19,96904,STAAR - Reading
MENARD ISD,Spring 2022,3,27,73,53,13,164901,STAAR - Reading
MERCEDES ISD,Spring 2022,3,40,60,33,13,108907,STAAR - Reading
MERIDIAN ISD,Spring 2022,3,27,73,36,18,18902,STAAR - Reading
MERIDIAN WORLD SCHOOL LLC (246801),Spring 2022,3,4,96,81,60,246801,STAAR - Reading
MERKEL ISD,Spring 2022,3,35,65,41,18,221904,STAAR - Reading
MESQUITE ISD,Spring 2022,3,28,72,42,23,57914,STAAR - Reading
MEXIA ISD,Spring 2022,3,28,72,41,19,147903,STAAR - Reading
MEYERPARK ELEMENTARY,Spring 2022,3,27,73,40,19,101855,STAAR - Reading
MEYERSVILLE ISD,Spring 2022,3,6,94,65,41,62906,STAAR - Reading
MIAMI ISD,Spring 2022,3,8,92,42,33,197902,STAAR - Reading
MIDLAND ACADEMY CHARTER SCHOOL (165802),Spring 2022,3,10,90,65,48,165802,STAAR - Reading
MIDLAND ISD,Spring 2022,3,25,75,48,28,165901,STAAR - Reading
MIDLOTHIAN ISD,Spring 2022,3,13,87,58,37,70908,STAAR - Reading
MIDWAY ISD (039905),Spring 2022,3,45,55,36,18,39905,STAAR - Reading
MARION ISD,Spring 2022,3,20,80,58,37,94904,STAAR - Reading
MARLIN ISD,Spring 2022,3,51,49,22,9,73903,STAAR - Reading
MARSHALL ISD,Spring 2022,3,35,65,43,24,102902,STAAR - Reading
MART ISD,Spring 2022,3,20,80,40,25,161908,STAAR - Reading
MARTINS MILL ISD,Spring 2022,3,17,83,58,36,234905,STAAR - Reading
MARTINSVILLE ISD,Spring 2022,3,18,82,59,24,174909,STAAR - Reading
MASON ISD,Spring 2022,3,11,89,74,51,157901,STAAR - Reading
MATAGORDA ISD,Spring 2022,3,27,73,45,9,158904,STAAR - Reading
MATHIS ISD,Spring 2022,3,20,80,54,29,205904,STAAR - Reading
MAUD ISD,Spring 2022,3,12,88,61,45,19903,STAAR - Reading
MAY ISD,Spring 2022,3,29,71,43,29,25905,STAAR - Reading
MAYPEARL ISD,Spring 2022,3,13,87,57,34,70915,STAAR - Reading
MCALLEN ISD,Spring 2022,3,18,82,57,35,108906,STAAR - Reading
MCCAMEY ISD,Spring 2022,3,28,72,44,28,231901,STAAR - Reading
MCDADE ISD,Spring 2022,3,44,56,22,11,11905,STAAR - Reading
MCGREGOR ISD,Spring 2022,3,25,75,46,20,161909,STAAR - Reading
MCKINNEY ISD,Spring 2022,3,15,85,62,40,43907,STAAR - Reading
MCLEAN ISD,Spring 2022,3,17,83,33,17,90903,STAAR - Reading
MCLEOD ISD,Spring 2022,3,4,96,68,28,34906,STAAR - Reading
MCMULLEN COUNTY ISD,Spring 2022,3,19,81,69,50,162904,STAAR - Reading
LUBBOCK-COOPER ISD,Spring 2022,3,14,86,61,38,152906,STAAR - Reading
LUEDERS-AVOCA ISD,Spring 2022,3,20,80,40,20,127905,STAAR - Reading
LUFKIN ISD,Spring 2022,3,27,73,39,22,3903,STAAR - Reading
LULING ISD,Spring 2022,3,28,72,40,28,28903,STAAR - Reading
LUMBERTON ISD,Spring 2022,3,13,87,61,36,100907,STAAR - Reading
LUMIN EDUCATION,Spring 2022,3,26,74,52,37,57805,STAAR - Reading
LYFORD CISD,Spring 2022,3,37,63,29,13,245902,STAAR - Reading
LYTLE ISD,Spring 2022,3,36,64,35,13,7904,STAAR - Reading
MABANK ISD,Spring 2022,3,21,79,52,29,129905,STAAR - Reading
MADISONVILLE CISD,Spring 2022,3,17,83,50,27,154901,STAAR - Reading
MAGNOLIA ISD,Spring 2022,3,14,86,61,38,170906,STAAR - Reading
MALAKOFF ISD,Spring 2022,3,8,92,61,35,107906,STAAR - Reading
MALONE ISD,Spring 2022,3,39,61,39,11,109908,STAAR - Reading
MALTA ISD,Spring 2022,3,0,100,58,37,19910,STAAR - Reading
MANARA ACADEMY (057844),Spring 2022,3,32,68,43,23,57844,STAAR - Reading
MANOR ISD,Spring 2022,3,29,71,44,23,227907,STAAR - Reading
MANSFIELD ISD,Spring 2022,3,17,83,59,38,220908,STAAR - Reading
MARATHON ISD,Spring 2022,3,0,0,0,0,22902,STAAR - Reading
MARBLE FALLS ISD,Spring 2022,3,20,80,59,30,27904,STAAR - Reading
MARFA ISD,Spring 2022,3,16,84,53,16,189901,STAAR - Reading
LITTLEFIELD ISD,Spring 2022,3,24,76,34,16,140904,STAAR - Reading
LIVINGSTON ISD,Spring 2022,3,15,85,60,35,187907,STAAR - Reading
LLANO ISD,Spring 2022,3,19,81,47,24,150901,STAAR - Reading
LOCKHART ISD,Spring 2022,3,28,72,42,21,28902,STAAR - Reading
LOCKNEY ISD,Spring 2022,3,31,69,23,8,77902,STAAR - Reading
LOHN ISD,Spring 2022,3,33,67,40,27,160905,STAAR - Reading
LOMETA ISD,Spring 2022,3,45,55,27,5,141902,STAAR - Reading
LONDON ISD,Spring 2022,3,11,89,71,46,178906,STAAR - Reading
LONE OAK ISD,Spring 2022,3,13,87,60,35,116906,STAAR - Reading
LONE STAR LANGUAGE ACADEMY (043802),Spring 2022,3,5,95,59,41,43802,STAAR - Reading
LONGVIEW ISD,Spring 2022,3,24,76,56,34,92903,STAAR - Reading
LOOP ISD,Spring 2022,3,15,85,62,54,83902,STAAR - Reading
LORAINE ISD,Spring 2022,3,17,83,42,25,168902,STAAR - Reading
LORENA ISD,Spring 2022,3,7,93,70,49,161907,STAAR - Reading
LORENZO ISD (054902),Spring 2022,3,43,57,29,0,54902,STAAR - Reading
LOS FRESNOS CISD,Spring 2022,3,18,82,57,32,31906,STAAR - Reading
LOUISE ISD,Spring 2022,3,41,59,30,22,241906,STAAR - Reading
LOVEJOY ISD,Spring 2022,3,6,94,81,57,43919,STAAR - Reading
LOVELADY ISD,Spring 2022,3,16,84,53,21,113903,STAAR - Reading
LUBBOCK ISD,Spring 2022,3,22,78,51,29,152901,STAAR - Reading
LEGACY TRADITIONAL SCHOOLS - TEXAS,Spring 2022,3,61,39,13,3,15806,STAAR - Reading
LEGGETT ISD,Spring 2022,3,53,47,20,7,187906,STAAR - Reading
LEON ISD,Spring 2022,3,10,90,48,25,145911,STAAR - Reading
LEONARD ISD,Spring 2022,3,20,80,48,31,74909,STAAR - Reading
LEVELLAND ISD,Spring 2022,3,27,73,39,22,110902,STAAR - Reading
LEVERETTS CHAPEL ISD,Spring 2022,3,15,85,62,31,201904,STAAR - Reading
LEWISVILLE ISD,Spring 2022,3,16,84,62,41,61902,STAAR - Reading
LEXINGTON ISD,Spring 2022,3,21,79,52,26,144902,STAAR - Reading
LIBERTY HILL ISD,Spring 2022,3,16,84,62,37,246908,STAAR - Reading
LIBERTY ISD,Spring 2022,3,27,73,47,23,146906,STAAR - Reading
LIBERTY-EYLAU ISD,Spring 2022,3,43,57,28,12,19908,STAAR - Reading
LIFE SCHOOL,Spring 2022,3,33,67,40,21,57807,STAAR - Reading
LIGHTHOUSE PUBLIC SCHOOLS,Spring 2022,3,52,48,31,14,15825,STAAR - Reading
LINDALE ISD,Spring 2022,3,10,90,75,50,212903,STAAR - Reading
LINDEN-KILDARE CISD,Spring 2022,3,24,76,55,33,34905,STAAR - Reading
LINDSAY ISD,Spring 2022,3,11,89,67,42,49907,STAAR - Reading
LINGLEVILLE ISD,Spring 2022,3,0,100,75,31,72909,STAAR - Reading
LIPAN ISD,Spring 2022,3,12,88,73,35,111902,STAAR - Reading
LITTLE CYPRESS-MAURICEVILLE CISD,Spring 2022,3,26,74,46,26,181908,STAAR - Reading
LITTLE ELM ISD,Spring 2022,3,22,78,50,30,61914,STAAR - Reading
LAGO VISTA ISD,Spring 2022,3,16,84,61,46,227912,STAAR - Reading
LAKE DALLAS ISD,Spring 2022,3,30,70,44,28,61912,STAAR - Reading
LAKE TRAVIS ISD,Spring 2022,3,12,88,66,43,227913,STAAR - Reading
LAKE WORTH ISD,Spring 2022,3,51,49,23,9,220910,STAAR - Reading
LAMAR CISD,Spring 2022,3,15,85,64,39,79901,STAAR - Reading
LAMESA ISD,Spring 2022,3,35,65,41,20,58906,STAAR - Reading
LAMPASAS ISD,Spring 2022,3,19,81,57,30,141901,STAAR - Reading
LANCASTER ISD,Spring 2022,3,31,69,45,24,57913,STAAR - Reading
LANEVILLE ISD,Spring 2022,3,29,71,57,14,201903,STAAR - Reading
LAPOYNOR ISD,Spring 2022,3,4,96,74,26,107910,STAAR - Reading
LAREDO ISD,Spring 2022,3,23,77,49,27,240901,STAAR - Reading
LASARA ISD,Spring 2022,3,36,64,57,29,245901,STAAR - Reading
LATEXO ISD,Spring 2022,3,11,89,44,22,113905,STAAR - Reading
LAZBUDDIE ISD,Spring 2022,3,0,100,57,14,185904,STAAR - Reading
LEADERSHIP PREP SCHOOL (061804),Spring 2022,3,17,83,57,29,61804,STAAR - Reading
LEAKEY ISD,Spring 2022,3,24,76,35,12,193902,STAAR - Reading
LEANDER ISD,Spring 2022,3,14,86,66,43,246913,STAAR - Reading
LEARY ISD,Spring 2022,3,0,100,86,29,19914,STAAR - Reading
LEFORS ISD,Spring 2022,3,35,65,41,24,90902,STAAR - Reading
LEGACY PREPARATORY,Spring 2022,3,47,53,31,19,57846,STAAR - Reading
KLEIN ISD,Spring 2022,3,19,81,57,35,101915,STAAR - Reading
KLONDIKE ISD (058905),Spring 2022,3,0,100,72,44,58905,STAAR - Reading
KNIPPA ISD,Spring 2022,3,8,92,74,49,232901,STAAR - Reading
KNOX CITY-O'BRIEN CISD,Spring 2022,3,7,93,57,36,138902,STAAR - Reading
KOPPERL ISD,Spring 2022,3,22,78,44,22,18907,STAAR - Reading
KOUNTZE ISD,Spring 2022,3,24,76,45,28,100903,STAAR - Reading
KRESS ISD,Spring 2022,3,27,73,13,13,219905,STAAR - Reading
KRUM ISD,Spring 2022,3,19,81,53,32,61905,STAAR - Reading
LA ACADEMIA DE ESTRELLAS (057839),Spring 2022,3,16,84,45,21,57839,STAAR - Reading
LA FE PREPARATORY SCHOOL (071807),Spring 2022,3,33,67,33,33,71807,STAAR - Reading
LA FERIA ISD,Spring 2022,3,28,72,46,22,31905,STAAR - Reading
LA GLORIA ISD,Spring 2022,3,22,78,67,33,125906,STAAR - Reading
LA GRANGE ISD,Spring 2022,3,24,76,49,24,75902,STAAR - Reading
LA JOYA ISD,Spring 2022,3,23,77,49,24,108912,STAAR - Reading
LA PORTE ISD,Spring 2022,3,14,86,58,33,101916,STAAR - Reading
LA PRYOR ISD,Spring 2022,3,29,71,47,20,254902,STAAR - Reading
LA VEGA ISD,Spring 2022,3,17,83,49,22,161906,STAAR - Reading
LA VERNIA ISD,Spring 2022,3,19,81,53,32,247903,STAAR - Reading
LA VILLA ISD,Spring 2022,3,39,61,13,6,108914,STAAR - Reading
LACKLAND ISD,Spring 2022,3,16,84,56,34,15913,STAAR - Reading
IRVING ISD,Spring 2022,3,37,63,33,17,57912,STAAR - Reading
ITALY ISD,Spring 2022,3,39,61,33,17,70907,STAAR - Reading
ITASCA ISD,Spring 2022,3,30,70,38,17,109907,STAAR - Reading
JACKSBORO ISD,Spring 2022,3,33,67,43,20,119902,STAAR - Reading
JACKSONVILLE ISD,Spring 2022,3,30,70,42,22,37904,STAAR - Reading
JARRELL ISD,Spring 2022,3,36,64,34,18,246907,STAAR - Reading
JASPER ISD,Spring 2022,3,54,46,15,8,121904,STAAR - Reading
JAYTON-GIRARD ISD,Spring 2022,3,0,100,80,33,132902,STAAR - Reading
JEAN MASSIEU ACADEMY (057819),Spring 2022,3,27,73,27,20,57819,STAAR - Reading
JEFFERSON ISD,Spring 2022,3,18,82,57,35,155901,STAAR - Reading
JIM HOGG COUNTY ISD,Spring 2022,3,30,70,45,23,124901,STAAR - Reading
JOAQUIN ISD,Spring 2022,3,9,91,52,18,210902,STAAR - Reading
JOHNSON CITY ISD,Spring 2022,3,15,85,54,24,16901,STAAR - Reading
JONESBORO ISD,Spring 2022,3,17,83,56,22,50909,STAAR - Reading
JOSHUA ISD,Spring 2022,3,18,82,55,35,126905,STAAR - Reading
JOURDANTON ISD,Spring 2022,3,13,87,58,32,7902,STAAR - Reading
JUBILEE ACADEMIES,Spring 2022,3,35,65,39,21,15822,STAAR - Reading
JUDSON ISD,Spring 2022,3,26,74,45,25,15916,STAAR - Reading
JUNCTION ISD,Spring 2022,3,18,82,56,32,134901,STAAR - Reading
KARNACK ISD,Spring 2022,3,14,86,14,0,102901,STAAR - Reading
KARNES CITY ISD,Spring 2022,3,14,86,49,27,128901,STAAR - Reading
KATY ISD,Spring 2022,3,13,87,68,46,101914,STAAR - Reading
KAUFMAN ISD,Spring 2022,3,21,79,50,30,129903,STAAR - Reading
KEENE ISD,Spring 2022,3,17,83,59,37,126906,STAAR - Reading
KELLER ISD,Spring 2022,3,16,84,62,40,220907,STAAR - Reading
KELTON ISD,Spring 2022,3,14,86,71,29,242905,STAAR - Reading
KEMP ISD,Spring 2022,3,29,71,43,20,129904,STAAR - Reading
KENEDY COUNTY WIDE CSD,Spring 2022,3,40,60,30,10,131001,STAAR - Reading
KENEDY ISD,Spring 2022,3,26,74,44,10,128902,STAAR - Reading
KENNARD ISD (113906),Spring 2022,3,13,87,60,20,113906,STAAR - Reading
KENNEDALE ISD,Spring 2022,3,27,73,48,33,220914,STAAR - Reading
KERENS ISD,Spring 2022,3,22,78,34,22,175907,STAAR - Reading
KERMIT ISD,Spring 2022,3,39,61,28,9,248901,STAAR - Reading
KERRVILLE ISD,Spring 2022,3,13,87,64,40,133903,STAAR - Reading
KI CHARTER ACADEMY (105803),Spring 2022,3,0,0,0,0,105803,STAAR - Reading
KILGORE ISD,Spring 2022,3,18,82,55,35,92902,STAAR - Reading
KILLEEN ISD,Spring 2022,3,27,73,44,24,14906,STAAR - Reading
KINGSVILLE ISD,Spring 2022,3,34,66,37,22,137901,STAAR - Reading
KIPP TEXAS PUBLIC SCHOOLS,Spring 2022,3,36,64,39,22,227820,STAAR - Reading
KIRBYVILLE CISD,Spring 2022,3,19,81,50,32,121905,STAAR - Reading
NEW BOSTON ISD,Spring 2022,3,38,62,41,18,19905,STAAR - Reading
NEW BRAUNFELS ISD,Spring 2022,3,14,86,64,43,46901,STAAR - Reading
NEW CANEY ISD,Spring 2022,3,32,68,42,23,170908,STAAR - Reading
NEW DEAL ISD,Spring 2022,3,30,70,37,19,152902,STAAR - Reading
NEW DIANA ISD,Spring 2022,3,7,93,70,49,230906,STAAR - Reading
NEW HOME ISD,Spring 2022,3,0,100,88,71,153905,STAAR - Reading
NEW SUMMERFIELD ISD,Spring 2022,3,13,87,62,36,37908,STAAR - Reading
NEW WAVERLY ISD,Spring 2022,3,11,89,69,38,236901,STAAR - Reading
NEWCASTLE ISD,Spring 2022,3,42,58,50,33,252902,STAAR - Reading
NEWMAN INTERNATIONAL ACADEMY OF ARLINGTON (220817),Spring 2022,3,26,74,46,26,220817,STAAR - Reading
NEWTON ISD,Spring 2022,3,26,74,40,26,176902,STAAR - Reading
NIXON-SMILEY CISD,Spring 2022,3,21,79,53,35,89903,STAAR - Reading
NOCONA ISD,Spring 2022,3,25,75,55,38,169902,STAAR - Reading
NORDHEIM ISD,Spring 2022,3,10,90,50,0,62902,STAAR - Reading
NORMANGEE ISD,Spring 2022,3,31,69,50,31,145906,STAAR - Reading
NORTH EAST ISD,Spring 2022,3,19,81,58,37,15910,STAAR - Reading
NORTH HOPKINS ISD,Spring 2022,3,9,91,65,44,112906,STAAR - Reading
NORTH LAMAR ISD,Spring 2022,3,26,74,47,27,139911,STAAR - Reading
NORTH TEXAS COLLEGIATE ACADEMY,Spring 2022,3,42,58,30,16,61802,STAAR - Reading
NORTH ZULCH ISD,Spring 2022,3,11,89,61,25,154903,STAAR - Reading
NORTHSIDE ISD (015915),Spring 2022,3,25,75,49,29,15915,STAAR - Reading
NORTHSIDE ISD (244905),Spring 2022,3,9,91,68,41,244905,STAAR - Reading
NORTHWEST ISD,Spring 2022,3,18,82,58,37,61911,STAAR - Reading
NOVA ACADEMY (057809),Spring 2022,3,38,62,25,12,57809,STAAR - Reading
NOVA ACADEMY SOUTHEAST,Spring 2022,3,50,50,33,17,57827,STAAR - Reading
NUECES CANYON CISD,Spring 2022,3,11,89,44,28,69902,STAAR - Reading
NURSERY ISD,Spring 2022,3,6,94,71,59,235904,STAAR - Reading
NYOS CHARTER SCHOOL (227804),Spring 2022,3,15,85,67,48,227804,STAAR - Reading
O'DONNELL ISD,Spring 2022,3,35,65,35,19,153903,STAAR - Reading
OAKWOOD ISD,Spring 2022,3,26,74,47,16,145907,STAAR - Reading
ODEM-EDROY ISD,Spring 2022,3,24,76,45,29,205905,STAAR - Reading
ODYSSEY ACADEMY INC,Spring 2022,3,22,78,50,23,84802,STAAR - Reading
OGLESBY ISD,Spring 2022,3,41,59,29,18,50904,STAAR - Reading
OLFEN ISD,Spring 2022,3,14,86,86,43,200906,STAAR - Reading
OLNEY ISD,Spring 2022,3,26,74,49,30,252903,STAAR - Reading
OLTON ISD,Spring 2022,3,10,90,67,44,140905,STAAR - Reading
ONALASKA ISD,Spring 2022,3,17,83,49,32,187910,STAAR - Reading
ORANGE GROVE ISD,Spring 2022,3,16,84,63,43,125903,STAAR - Reading
ORANGEFIELD ISD,Spring 2022,3,20,80,59,35,181905,STAAR - Reading
ORE CITY ISD,Spring 2022,3,26,74,46,23,230903,STAAR - Reading
ORENDA CHARTER SCHOOL,Spring 2022,3,9,91,72,44,14804,STAAR - Reading
OVERTON ISD,Spring 2022,3,10,90,61,35,201908,STAAR - Reading
PADUCAH ISD,Spring 2022,3,29,71,14,7,51901,STAAR - Reading
PAINT CREEK ISD,Spring 2022,3,14,86,57,14,104907,STAAR - Reading
PAINT ROCK ISD,Spring 2022,3,33,67,42,17,48903,STAAR - Reading
PALACIOS ISD,Spring 2022,3,24,76,49,28,158905,STAAR - Reading
PALESTINE ISD,Spring 2022,3,25,75,50,29,1907,STAAR - Reading
PALMER ISD,Spring 2022,3,18,82,53,33,70910,STAAR - Reading
PALO PINTO ISD,Spring 2022,3,10,90,80,60,182906,STAAR - Reading
PAMPA ISD,Spring 2022,3,30,70,44,22,90904,STAAR - Reading
PANHANDLE ISD,Spring 2022,3,17,82,55,47,33902,STAAR - Reading
PANTHER CREEK CISD,Spring 2022,3,31,69,38,31,42905,STAAR - Reading
PARADISE ISD,Spring 2022,3,10,90,57,35,249906,STAAR - Reading
PARIS ISD,Spring 2022,3,30,70,40,21,139909,STAAR - Reading
PASADENA ISD,Spring 2022,3,24,76,45,24,101917,STAAR - Reading
PATTON SPRINGS ISD,Spring 2022,3,0,100,60,60,63906,STAAR - Reading
PAWNEE ISD,Spring 2022,3,65,35,29,24,13902,STAAR - Reading
PEARLAND ISD,Spring 2022,3,13,87,66,45,20908,STAAR - Reading
PEARSALL ISD,Spring 2022,3,38,62,35,18,82903,STAAR - Reading
PEASTER ISD,Spring 2022,3,25,75,49,30,184908,STAAR - Reading
