Group,Admin,Grade,STAAR - Reading - Number Tested,STAAR - Reading - Average Scale Score,STAAR - Reading - Did Not Meet - %,STAAR - Reading - Approaches - %,STAAR - Reading - Meets - %,STAAR - Reading - Masters - %,Org Id
A W BROWN LEADERSHIP ACADEMY,Spring 2017,3,221,1326,56,44,16,6,57816
Hispanic/Latino,Spring 2017,3,8,1326,50,50,25,12,57816
Black or African American,Spring 2017,3,213,1326,56,44,15,6,57816
A W BROWN LEADERSHIP ACADEMY,Spring 2018,3,193,1387,37,63,25,13,57816
Hispanic/Latino,Spring 2018,3,3,0,0,0,0,0,57816
Asian,Spring 2018,3,1,0,0,0,0,0,57816
Black or African American,Spring 2018,3,188,1386,37,63,24,13,57816
White,Spring 2018,3,1,0,0,0,0,0,57816
A W BROWN LEADERSHIP ACADEMY,Spring 2019,3,145,1381,43,57,26,16,57816
Hispanic/Latino,Spring 2019,3,5,1316,60,40,40,0,57816
American Indian or Alaskan Native,Spring 2019,3,1,0,0,0,0,0,57816
Black or African American,Spring 2019,3,135,1381,44,56,25,16,57816
Two or More Races,Spring 2019,3,3,0,0,0,0,0,57816
No Ethnicity Provided,Spring 2019,3,1,0,0,0,0,0,57816
A W BROWN LEADERSHIP ACADEMY,Spring 2021,3,27,1380,33,67,33,11,57816
Black or African American,Spring 2021,3,27,1380,33,67,33,11,57816
A W BROWN LEADERSHIP ACADEMY,Spring 2022,3,88,1370,47,53,28,9,57816
Black or African American,Spring 2022,3,81,1377,44,56,30,10,57816
No Ethnicity Provided,Spring 2022,3,7,1284,71,29,14,0,57816
A+ ACADEMY,Spring 2017,3,74,1328,55,45,16,5,57829
Hispanic/Latino,Spring 2017,3,69,1333,54,46,17,6,57829
Black or African American,Spring 2017,3,3,0,0,0,0,0,57829
White,Spring 2017,3,1,0,0,0,0,0,57829
Two or More Races,Spring 2017,3,1,0,0,0,0,0,57829
A+ ACADEMY,Spring 2018,3,98,1348,48,52,22,3,57829
Hispanic/Latino,Spring 2018,3,93,1349,48,52,22,3,57829
Asian,Spring 2018,3,1,0,0,0,0,0,57829
White,Spring 2018,3,4,0,0,0,0,0,57829
A+ ACADEMY,Spring 2019,3,96,1348,54,46,19,7,57829
Hispanic/Latino,Spring 2019,3,90,1348,53,47,19,7,57829
Black or African American,Spring 2019,3,2,0,0,0,0,0,57829
White,Spring 2019,3,3,0,0,0,0,0,57829
Two or More Races,Spring 2019,3,1,0,0,0,0,0,57829
A+ ACADEMY,Spring 2021,3,93,1312,63,37,10,0,57829
Hispanic/Latino,Spring 2021,3,88,1315,62,38,10,0,57829
Asian,Spring 2021,3,1,0,0,0,0,0,57829
Black or African American,Spring 2021,3,4,0,0,0,0,0,57829
A+ ACADEMY,Spring 2022,3,92,1338,54,46,26,13,57829
Hispanic/Latino,Spring 2022,3,89,1339,54,46,26,13,57829
Black or African American,Spring 2022,3,2,0,0,0,0,0,57829
White,Spring 2022,3,1,0,0,0,0,0,57829
ABBOTT ISD,Spring 2017,3,12,1510,0,100,67,42,109901
Hispanic/Latino,Spring 2017,3,2,0,0,0,0,0,109901
White,Spring 2017,3,10,1501,0,100,60,40,109901
ABBOTT ISD,Spring 2018,3,20,1503,5,95,60,30,109901
Hispanic/Latino,Spring 2018,3,4,0,0,0,0,0,109901
White,Spring 2018,3,16,1524,0,100,62,38,109901
ABBOTT ISD,Spring 2019,3,20,1553,0,100,80,35,109901
Hispanic/Latino,Spring 2019,3,4,0,0,0,0,0,109901
White,Spring 2019,3,15,1576,0,100,87,47,109901
Two or More Races,Spring 2019,3,1,0,0,0,0,0,109901
ABBOTT ISD,Spring 2021,3,17,1422,29,71,47,18,109901
Hispanic/Latino,Spring 2021,3,5,1415,20,80,40,0,109901
White,Spring 2021,3,11,1430,36,64,55,27,109901
Two or More Races,Spring 2021,3,1,0,0,0,0,0,109901
ABBOTT ISD,Spring 2022,3,19,1517,11,89,74,47,109901
Hispanic/Latino,Spring 2022,3,5,1512,0,100,60,40,109901
Black or African American,Spring 2022,3,1,0,0,0,0,0,109901
White,Spring 2022,3,12,1526,17,83,75,58,109901
Two or More Races,Spring 2022,3,1,0,0,0,0,0,109901
ABERNATHY ISD,Spring 2017,3,47,1436,30,70,40,26,95901
Hispanic/Latino,Spring 2017,3,32,1417,38,62,34,25,95901
White,Spring 2017,3,14,1477,14,86,57,29,95901
Two or More Races,Spring 2017,3,1,0,0,0,0,0,95901
ABERNATHY ISD,Spring 2018,3,48,1478,12,88,50,25,95901
Hispanic/Latino,Spring 2018,3,30,1468,13,87,50,20,95901
White,Spring 2018,3,17,1506,6,94,53,35,95901
Two or More Races,Spring 2018,3,1,0,0,0,0,0,95901
ABERNATHY ISD,Spring 2019,3,60,1450,32,68,47,25,95901
Hispanic/Latino,Spring 2019,3,34,1397,47,53,32,9,95901
Black or African American,Spring 2019,3,2,0,0,0,0,0,95901
White,Spring 2019,3,23,1537,9,91,74,52,95901
Two or More Races,Spring 2019,3,1,0,0,0,0,0,95901
ABERNATHY ISD,Spring 2021,3,49,1487,12,88,61,37,95901
Hispanic/Latino,Spring 2021,3,26,1412,23,77,38,8,95901
White,Spring 2021,3,22,1572,0,100,86,68,95901
Two or More Races,Spring 2021,3,1,0,0,0,0,0,95901
ABERNATHY ISD,Spring 2022,3,58,1457,21,79,48,29,95901
Hispanic/Latino,Spring 2022,3,25,1398,28,72,24,16,95901
Black or African American,Spring 2022,3,2,0,0,0,0,0,95901
White,Spring 2022,3,30,1520,10,90,73,43,95901
Two or More Races,Spring 2022,3,1,0,0,0,0,0,95901
ABILENE ISD,Spring 2017,3,1296,1427,31,69,41,27,221901
Hispanic/Latino,Spring 2017,3,567,1409,35,65,35,22,221901
American Indian or Alaskan Native,Spring 2017,3,2,0,0,0,0,0,221901
Asian,Spring 2017,3,20,1445,15,85,45,35,221901
Black or African American,Spring 2017,3,143,1351,49,51,24,15,221901
Native Hawaiian or Other Pacific Islander,Spring 2017,3,1,0,0,0,0,0,221901
White,Spring 2017,3,510,1464,21,79,51,34,221901
Two or More Races,Spring 2017,3,53,1461,23,77,49,34,221901
ABILENE ISD,Spring 2018,3,1181,1432,25,75,37,22,221901
Hispanic/Latino,Spring 2018,3,514,1409,30,70,29,16,221901
American Indian or Alaskan Native,Spring 2018,3,5,1484,20,80,40,40,221901
Asian,Spring 2018,3,19,1464,16,84,47,37,221901
Black or African American,Spring 2018,3,144,1390,36,64,25,11,221901
Native Hawaiian or Other Pacific Islander,Spring 2018,3,1,0,0,0,0,0,221901
White,Spring 2018,3,450,1469,15,85,50,32,221901
Two or More Races,Spring 2018,3,48,1432,27,73,42,17,221901
ABILENE ISD,Spring 2019,3,1188,1421,31,69,35,20,221901
Hispanic/Latino,Spring 2019,3,522,1400,35,65,28,15,221901
American Indian or Alaskan Native,Spring 2019,3,1,0,0,0,0,0,221901
Asian,Spring 2019,3,15,1446,13,87,47,20,221901
Black or African American,Spring 2019,3,157,1378,45,55,22,14,221901
Native Hawaiian or Other Pacific Islander,Spring 2019,3,3,0,0,0,0,0,221901
White,Spring 2019,3,428,1462,20,80,49,30,221901
Two or More Races,Spring 2019,3,62,1408,35,65,32,18,221901
ABILENE ISD,Spring 2021,3,1079,1394,39,61,33,15,221901
Hispanic/Latino,Spring 2021,3,472,1368,45,55,26,8,221901
American Indian or Alaskan Native,Spring 2021,3,3,0,0,0,0,0,221901
Asian,Spring 2021,3,22,1458,23,77,45,32,221901
Black or African American,Spring 2021,3,122,1336,54,46,20,11,221901
Native Hawaiian or Other Pacific Islander,Spring 2021,3,3,0,0,0,0,0,221901
White,Spring 2021,3,405,1434,30,70,44,23,221901
Two or More Races,Spring 2021,3,44,1437,20,80,45,23,221901
No Ethnicity Provided,Spring 2021,3,8,1346,50,50,12,12,221901
ABILENE ISD,Spring 2022,3,1066,1422,31,69,40,21,221901
Hispanic/Latino,Spring 2022,3,479,1404,33,67,36,15,221901
American Indian or Alaskan Native,Spring 2022,3,2,0,0,0,0,0,221901
Asian,Spring 2022,3,12,1492,33,67,58,50,221901
Black or African American,Spring 2022,3,121,1383,43,57,28,12,221901
Native Hawaiian or Other Pacific Islander,Spring 2022,3,5,1322,40,60,0,0,221901
White,Spring 2022,3,380,1463,25,75,50,32,221901
Two or More Races,Spring 2022,3,49,1423,29,71,43,18,221901
No Ethnicity Provided,Spring 2022,3,18,1334,50,50,17,11,221901
ACADEMY ISD,Spring 2017,3,127,1430,28,72,43,24,14901
Hispanic/Latino,Spring 2017,3,28,1374,43,57,25,11,14901
American Indian or Alaskan Native,Spring 2017,3,1,0,0,0,0,0,14901
Asian,Spring 2017,3,2,0,0,0,0,0,14901
Black or African American,Spring 2017,3,5,1460,20,80,40,20,14901
White,Spring 2017,3,88,1447,22,78,50,28,14901
Two or More Races,Spring 2017,3,3,0,0,0,0,0,14901
ACADEMY ISD,Spring 2018,3,144,1459,15,85,42,29,14901
Hispanic/Latino,Spring 2018,3,35,1457,11,89,37,26,14901
American Indian or Alaskan Native,Spring 2018,3,1,0,0,0,0,0,14901
Asian,Spring 2018,3,3,0,0,0,0,0,14901
Black or African American,Spring 2018,3,11,1424,27,73,27,27,14901
Native Hawaiian or Other Pacific Islander,Spring 2018,3,1,0,0,0,0,0,14901
White,Spring 2018,3,85,1467,16,84,46,33,14901
Two or More Races,Spring 2018,3,8,1462,0,100,50,25,14901
ACADEMY ISD,Spring 2019,3,115,1455,18,82,43,25,14901
Hispanic/Latino,Spring 2019,3,18,1467,11,89,56,22,14901
Asian,Spring 2019,3,2,0,0,0,0,0,14901
Black or African American,Spring 2019,3,9,1351,56,44,22,0,14901
White,Spring 2019,3,81,1467,16,84,43,30,14901
Two or More Races,Spring 2019,3,5,1428,20,80,40,20,14901
ACADEMY ISD,Spring 2021,3,130,1420,32,68,35,15,14901
Hispanic/Latino,Spring 2021,3,20,1354,55,45,20,10,14901
Asian,Spring 2021,3,2,0,0,0,0,0,14901
Black or African American,Spring 2021,3,4,0,0,0,0,0,14901
Native Hawaiian or Other Pacific Islander,Spring 2021,3,2,0,0,0,0,0,14901
White,Spring 2021,3,97,1435,28,72,39,19,14901
Two or More Races,Spring 2021,3,5,1416,0,100,20,0,14901
ACADEMY ISD,Spring 2022,3,132,1485,17,83,58,36,14901
Hispanic/Latino,Spring 2022,3,35,1439,23,77,51,17,14901
Asian,Spring 2022,3,1,0,0,0,0,0,14901
Black or African American,Spring 2022,3,13,1503,15,85,54,38,14901
White,Spring 2022,3,75,1506,15,85,64,45,14901
Two or More Races,Spring 2022,3,8,1442,25,75,38,25,14901
ACADEMY OF ACCELERATED LEARNING INC,Spring 2017,3,106,1400,41,59,38,23,101810
Hispanic/Latino,Spring 2017,3,63,1388,41,59,35,22,101810
American Indian or Alaskan Native,Spring 2017,3,7,1444,29,71,57,14,101810
Asian,Spring 2017,3,2,0,0,0,0,0,101810
Black or African American,Spring 2017,3,33,1412,42,58,39,27,101810
White,Spring 2017,3,1,0,0,0,0,0,101810
ACADEMY OF ACCELERATED LEARNING INC,Spring 2018,3,101,1368,44,56,20,8,101810
Hispanic/Latino,Spring 2018,3,67,1373,43,57,19,10,101810
American Indian or Alaskan Native,Spring 2018,3,1,0,0,0,0,0,101810
Black or African American,Spring 2018,3,32,1361,41,59,22,3,101810
Two or More Races,Spring 2018,3,1,0,0,0,0,0,101810
ACADEMY OF ACCELERATED LEARNING INC,Spring 2019,3,90,1424,34,66,36,23,101810
Hispanic/Latino,Spring 2019,3,54,1412,41,59,33,22,101810
Black or African American,Spring 2019,3,36,1442,25,75,39,25,101810
ACADEMY OF ACCELERATED LEARNING INC,Spring 2021,3,93,1352,53,47,25,8,101810
Hispanic/Latino,Spring 2021,3,60,1351,55,45,20,7,101810
Black or African American,Spring 2021,3,32,1348,50,50,31,9,101810
White,Spring 2021,3,1,0,0,0,0,0,101810
ACADEMY OF ACCELERATED LEARNING INC,Spring 2022,3,95,1385,40,60,34,17,101810
Hispanic/Latino,Spring 2022,3,57,1364,42,58,26,11,101810
Asian,Spring 2022,3,1,0,0,0,0,0,101810
Black or African American,Spring 2022,3,35,1409,37,63,43,26,101810
White,Spring 2022,3,1,0,0,0,0,0,101810
Two or More Races,Spring 2022,3,1,0,0,0,0,0,101810
ACADEMY OF DALLAS (057810),Spring 2017,3,32,1299,66,34,9,3,57810
Hispanic/Latino,Spring 2017,3,10,1334,60,40,10,0,57810
Black or African American,Spring 2017,3,22,1283,68,32,9,5,57810
ACADEMY OF DALLAS (057810),Spring 2018,3,24,1360,33,67,12,0,57810
Hispanic/Latino,Spring 2018,3,8,1341,38,62,25,0,57810
Black or African American,Spring 2018,3,16,1370,31,69,6,0,57810
ACADEMY OF DALLAS (057810),Spring 2019,3,23,1552,4,96,87,52,57810
Hispanic/Latino,Spring 2019,3,5,1493,0,100,80,20,57810
Black or African American,Spring 2019,3,18,1569,6,94,89,61,57810
ACADEMY OF DALLAS (057810),Spring 2021,3,21,1287,67,33,5,0,57810
Hispanic/Latino,Spring 2021,3,5,1273,80,20,0,0,57810
Black or African American,Spring 2021,3,16,1292,62,38,6,0,57810
ACADEMY OF DALLAS (057810),Spring 2022,3,12,1328,67,33,17,0,57810
Hispanic/Latino,Spring 2022,3,1,0,0,0,0,0,57810
Black or African American,Spring 2022,3,11,1309,73,27,9,0,57810
ACCELERATED INTERMEDIATE ACADEMY,Spring 2017,3,26,1397,19,81,27,19,101849
Hispanic/Latino,Spring 2017,3,12,1417,17,83,33,25,101849
American Indian or Alaskan Native,Spring 2017,3,1,0,0,0,0,0,101849
Black or African American,Spring 2017,3,13,1377,23,77,23,15,101849
ACCELERATED INTERMEDIATE ACADEMY,Spring 2018,3,40,1468,20,80,42,30,101849
Hispanic/Latino,Spring 2018,3,20,1464,20,80,30,20,101849
American Indian or Alaskan Native,Spring 2018,3,1,0,0,0,0,0,101849
Black or African American,Spring 2018,3,18,1471,17,83,56,39,101849
White,Spring 2018,3,1,0,0,0,0,0,101849
ACCELERATED INTERMEDIATE ACADEMY,Spring 2019,3,37,1462,30,70,41,30,101849
Hispanic/Latino,Spring 2019,3,16,1438,31,69,44,25,101849
Asian,Spring 2019,3,1,0,0,0,0,0,101849
Black or African American,Spring 2019,3,19,1463,32,68,37,32,101849
White,Spring 2019,3,1,0,0,0,0,0,101849
ACCELERATED INTERMEDIATE ACADEMY,Spring 2021,3,31,1352,61,39,32,13,101849
Hispanic/Latino,Spring 2021,3,16,1339,62,38,25,0,101849
Black or African American,Spring 2021,3,15,1366,60,40,40,27,101849
ACCELERATED INTERMEDIATE ACADEMY,Spring 2022,3,19,1449,11,89,47,16,101849
Hispanic/Latino,Spring 2022,3,8,1453,12,88,50,12,101849
No Ethnicity Provided,Spring 2022,3,11,1445,9,91,45,18,101849
ADRIAN ISD,Spring 2017,3,7,1335,57,43,0,0,180903
Hispanic/Latino,Spring 2017,3,4,0,0,0,0,0,180903
White,Spring 2017,3,3,0,0,0,0,0,180903
ADRIAN ISD,Spring 2018,3,7,1459,14,86,71,14,180903
Hispanic/Latino,Spring 2018,3,4,0,0,0,0,0,180903
White,Spring 2018,3,2,0,0,0,0,0,180903
Two or More Races,Spring 2018,3,1,0,0,0,0,0,180903
ADRIAN ISD,Spring 2019,3,6,1470,17,83,50,33,180903
Hispanic/Latino,Spring 2019,3,4,0,0,0,0,0,180903
White,Spring 2019,3,2,0,0,0,0,0,180903
ADRIAN ISD,Spring 2021,3,4,0,0,0,0,0,180903
Hispanic/Latino,Spring 2021,3,3,0,0,0,0,0,180903
White,Spring 2021,3,1,0,0,0,0,0,180903
ADRIAN ISD,Spring 2022,3,9,1460,11,89,44,33,180903
Hispanic/Latino,Spring 2022,3,5,1447,0,100,20,20,180903
White,Spring 2022,3,4,0,0,0,0,0,180903
ADVANTAGE ACADEMY (057806),Spring 2017,3,149,1353,51,49,27,14,57806
Hispanic/Latino,Spring 2017,3,81,1328,60,40,21,10,57806
Asian,Spring 2017,3,2,0,0,0,0,0,57806
Black or African American,Spring 2017,3,44,1365,41,59,30,14,57806
White,Spring 2017,3,21,1417,38,62,43,29,57806
Two or More Races,Spring 2017,3,1,0,0,0,0,0,57806
ADVANTAGE ACADEMY (057806),Spring 2018,3,147,1353,48,52,18,7,57806
Hispanic/Latino,Spring 2018,3,82,1366,44,56,21,10,57806
Asian,Spring 2018,3,2,0,0,0,0,0,57806
Black or African American,Spring 2018,3,36,1308,64,36,11,3,57806
White,Spring 2018,3,24,1384,33,67,25,4,57806
Two or More Races,Spring 2018,3,3,0,0,0,0,0,57806
ADVANTAGE ACADEMY (057806),Spring 2019,3,136,1366,50,50,22,9,57806
Hispanic/Latino,Spring 2019,3,69,1350,55,45,19,7,57806
Asian,Spring 2019,3,2,0,0,0,0,0,57806
Black or African American,Spring 2019,3,42,1353,50,50,12,7,57806
White,Spring 2019,3,19,1436,37,63,47,21,57806
Two or More Races,Spring 2019,3,4,0,0,0,0,0,57806
ADVANTAGE ACADEMY (057806),Spring 2021,3,70,1343,54,46,20,10,57806
Hispanic/Latino,Spring 2021,3,36,1364,50,50,28,17,57806
Asian,Spring 2021,3,1,0,0,0,0,0,57806
Black or African American,Spring 2021,3,23,1308,61,39,4,0,57806
White,Spring 2021,3,8,1374,50,50,38,12,57806
Two or More Races,Spring 2021,3,2,0,0,0,0,0,57806
ADVANTAGE ACADEMY (057806),Spring 2022,3,93,1341,54,46,25,10,57806
Hispanic/Latino,Spring 2022,3,36,1333,58,42,19,6,57806
Asian,Spring 2022,3,1,0,0,0,0,0,57806
Black or African American,Spring 2022,3,36,1348,53,47,28,14,57806
White,Spring 2022,3,6,1446,0,100,67,0,57806
Two or More Races,Spring 2022,3,1,0,0,0,0,0,57806
No Ethnicity Provided,Spring 2022,3,13,1281,69,31,8,8,57806
AGUA DULCE ISD,Spring 2017,3,30,1501,13,87,70,43,178901
Hispanic/Latino,Spring 2017,3,25,1499,16,84,68,48,178901
White,Spring 2017,3,4,0,0,0,0,0,178901
Two or More Races,Spring 2017,3,1,0,0,0,0,0,178901
AGUA DULCE ISD,Spring 2018,3,21,1567,5,95,81,57,178901
Hispanic/Latino,Spring 2018,3,15,1566,7,93,87,60,178901
White,Spring 2018,3,6,1569,0,100,67,50,178901
AGUA DULCE ISD,Spring 2019,3,24,1443,12,88,38,21,178901
Hispanic/Latino,Spring 2019,3,19,1449,11,89,37,21,178901
White,Spring 2019,3,5,1421,20,80,40,20,178901
AGUA DULCE ISD,Spring 2021,3,17,1374,29,71,29,0,178901
Hispanic/Latino,Spring 2021,3,14,1378,29,71,29,0,178901
Black or African American,Spring 2021,3,1,0,0,0,0,0,178901
White,Spring 2021,3,2,0,0,0,0,0,178901
AGUA DULCE ISD,Spring 2022,3,22,1520,5,95,77,41,178901
Hispanic/Latino,Spring 2022,3,15,1517,7,93,73,40,178901
White,Spring 2022,3,7,1528,0,100,86,43,178901
ALAMO HEIGHTS ISD,Spring 2017,3,318,1486,18,82,58,41,15901
Hispanic/Latino,Spring 2017,3,117,1427,24,76,39,22,15901
American Indian or Alaskan Native,Spring 2017,3,1,0,0,0,0,0,15901
Asian,Spring 2017,3,14,1447,29,71,57,36,15901
Black or African American,Spring 2017,3,5,1454,20,80,60,40,15901
White,Spring 2017,3,180,1531,12,88,70,53,15901
Two or More Races,Spring 2017,3,1,0,0,0,0,0,15901
ALAMO HEIGHTS ISD,Spring 2018,3,320,1486,13,87,57,31,15901
Hispanic/Latino,Spring 2018,3,122,1455,17,83,46,22,15901
American Indian or Alaskan Native,Spring 2018,3,2,0,0,0,0,0,15901
Asian,Spring 2018,3,14,1564,0,100,71,43,15901
Black or African American,Spring 2018,3,12,1390,33,67,25,8,15901
Native Hawaiian or Other Pacific Islander,Spring 2018,3,2,0,0,0,0,0,15901
White,Spring 2018,3,167,1503,11,89,66,37,15901
Two or More Races,Spring 2018,3,1,0,0,0,0,0,15901
ALAMO HEIGHTS ISD,Spring 2019,3,337,1500,12,88,62,38,15901
Hispanic/Latino,Spring 2019,3,122,1468,16,84,49,25,15901
Asian,Spring 2019,3,16,1529,19,81,69,56,15901
Black or African American,Spring 2019,3,10,1478,20,80,40,40,15901
Native Hawaiian or Other Pacific Islander,Spring 2019,3,2,0,0,0,0,0,15901
White,Spring 2019,3,178,1517,8,92,70,43,15901
Two or More Races,Spring 2019,3,9,1537,22,78,67,67,15901
ALAMO HEIGHTS ISD,Spring 2021,3,315,1486,18,82,58,34,15901
Hispanic/Latino,Spring 2021,3,107,1432,29,71,42,18,15901
Asian,Spring 2021,3,12,1454,25,75,58,50,15901
Black or African American,Spring 2021,3,9,1332,56,44,22,22,15901
Native Hawaiian or Other Pacific Islander,Spring 2021,3,1,0,0,0,0,0,15901
White,Spring 2021,3,181,1529,9,91,69,44,15901
Two or More Races,Spring 2021,3,4,0,0,0,0,0,15901
No Ethnicity Provided,Spring 2021,3,1,0,0,0,0,0,15901
ALAMO HEIGHTS ISD,Spring 2022,3,315,1560,7,93,78,57,15901
Hispanic/Latino,Spring 2022,3,109,1528,9,91,72,47,15901
Asian,Spring 2022,3,9,1540,0,100,78,56,15901
Black or African American,Spring 2022,3,2,0,0,0,0,0,15901
White,Spring 2022,3,181,1579,6,94,82,61,15901
Two or More Races,Spring 2022,3,14,1592,14,86,79,79,15901
ALBA-GOLDEN ISD,Spring 2017,3,62,1439,27,73,45,27,250906
Hispanic/Latino,Spring 2017,3,7,1391,57,43,43,29,250906
Black or African American,Spring 2017,3,1,0,0,0,0,0,250906
White,Spring 2017,3,52,1446,23,77,44,27,250906
Two or More Races,Spring 2017,3,2,0,0,0,0,0,250906
ALBA-GOLDEN ISD,Spring 2018,3,69,1434,23,77,42,22,250906
Hispanic/Latino,Spring 2018,3,4,0,0,0,0,0,250906
Asian,Spring 2018,3,1,0,0,0,0,0,250906
White,Spring 2018,3,62,1434,23,77,42,21,250906
Two or More Races,Spring 2018,3,2,0,0,0,0,0,250906
ALBA-GOLDEN ISD,Spring 2019,3,64,1446,12,88,36,23,250906
Hispanic/Latino,Spring 2019,3,5,1437,0,100,20,20,250906
American Indian or Alaskan Native,Spring 2019,3,1,0,0,0,0,0,250906
Native Hawaiian or Other Pacific Islander,Spring 2019,3,1,0,0,0,0,0,250906
White,Spring 2019,3,55,1445,13,87,38,24,250906
Two or More Races,Spring 2019,3,2,0,0,0,0,0,250906
ALBA-GOLDEN ISD,Spring 2021,3,61,1431,23,77,36,18,250906
Hispanic/Latino,Spring 2021,3,6,1410,33,67,67,17,250906
White,Spring 2021,3,55,1433,22,78,33,18,250906
ALBA-GOLDEN ISD,Spring 2022,3,70,1478,13,87,49,31,250906
Hispanic/Latino,Spring 2022,3,5,1543,0,100,60,40,250906
Black or African American,Spring 2022,3,1,0,0,0,0,0,250906
White,Spring 2022,3,62,1473,15,85,47,32,250906
Two or More Races,Spring 2022,3,2,0,0,0,0,0,250906
ALBANY ISD,Spring 2017,3,31,1454,13,87,48,16,209901
Hispanic/Latino,Spring 2017,3,4,0,0,0,0,0,209901
American Indian or Alaskan Native,Spring 2017,3,1,0,0,0,0,0,209901
White,Spring 2017,3,26,1455,12,88,46,19,209901
ALBANY ISD,Spring 2018,3,42,1426,19,81,38,19,209901
Hispanic/Latino,Spring 2018,3,6,1443,0,100,17,17,209901
Black or African American,Spring 2018,3,1,0,0,0,0,0,209901
White,Spring 2018,3,35,1418,23,77,40,17,209901
ALBANY ISD,Spring 2019,3,32,1466,9,91,38,28,209901
Hispanic/Latino,Spring 2019,3,1,0,0,0,0,0,209901
Black or African American,Spring 2019,3,1,0,0,0,0,0,209901
White,Spring 2019,3,29,1471,7,93,38,28,209901
Two or More Races,Spring 2019,3,1,0,0,0,0,0,209901
ALBANY ISD,Spring 2021,3,34,1431,29,71,50,21,209901
Hispanic/Latino,Spring 2021,3,5,1456,0,100,40,20,209901
Black or African American,Spring 2021,3,1,0,0,0,0,0,209901
White,Spring 2021,3,26,1423,35,65,50,19,209901
Two or More Races,Spring 2021,3,2,0,0,0,0,0,209901
ALBANY ISD,Spring 2022,3,41,1443,27,73,46,32,209901
Hispanic/Latino,Spring 2022,3,10,1429,30,70,50,20,209901
White,Spring 2022,3,29,1460,21,79,48,38,209901
Two or More Races,Spring 2022,3,2,0,0,0,0,0,209901
ALDINE ISD,Spring 2017,3,4644,1395,36,64,32,18,101902
Hispanic/Latino,Spring 2017,3,3280,1402,34,66,33,19,101902
American Indian or Alaskan Native,Spring 2017,3,7,1403,14,86,14,14,101902
Asian,Spring 2017,3,69,1445,26,74,45,28,101902
Black or African American,Spring 2017,3,1151,1372,43,57,26,14,101902
Native Hawaiian or Other Pacific Islander,Spring 2017,3,3,0,0,0,0,0,101902
White,Spring 2017,3,98,1389,40,60,37,21,101902
Two or More Races,Spring 2017,3,36,1441,25,75,47,33,101902
ALDINE ISD,Spring 2018,3,4593,1397,31,69,26,12,101902
Hispanic/Latino,Spring 2018,3,3289,1400,29,71,26,12,101902
American Indian or Alaskan Native,Spring 2018,3,5,1432,0,100,20,0,101902
Asian,Spring 2018,3,53,1486,13,87,64,38,101902
Black or African American,Spring 2018,3,1120,1379,39,61,24,10,101902
Native Hawaiian or Other Pacific Islander,Spring 2018,3,14,1451,14,86,36,14,101902
White,Spring 2018,3,80,1418,29,71,38,20,101902
Two or More Races,Spring 2018,3,31,1420,26,74,39,23,101902
No Ethnicity Provided,Spring 2018,3,1,0,0,0,0,0,101902
ALDINE ISD,Spring 2019,3,4056,1401,34,66,29,16,101902
Hispanic/Latino,Spring 2019,3,2800,1410,31,69,31,17,101902
American Indian or Alaskan Native,Spring 2019,3,5,1396,20,80,40,20,101902
Asian,Spring 2019,3,48,1461,15,85,46,23,101902
Black or African American,Spring 2019,3,1083,1377,40,60,23,12,101902
Native Hawaiian or Other Pacific Islander,Spring 2019,3,11,1361,36,64,9,0,101902
White,Spring 2019,3,76,1396,36,64,22,17,101902
Two or More Races,Spring 2019,3,32,1406,38,62,34,12,101902
No Ethnicity Provided,Spring 2019,3,1,0,0,0,0,0,101902
ALDINE ISD,Spring 2021,3,3616,1321,59,41,13,3,101902
Hispanic/Latino,Spring 2021,3,2661,1322,59,41,12,3,101902
American Indian or Alaskan Native,Spring 2021,3,2,0,0,0,0,0,101902
Asian,Spring 2021,3,40,1413,33,68,30,15,101902
Black or African American,Spring 2021,3,803,1313,63,37,12,3,101902
Native Hawaiian or Other Pacific Islander,Spring 2021,3,3,0,0,0,0,0,101902
White,Spring 2021,3,59,1324,56,44,15,2,101902
Two or More Races,Spring 2021,3,40,1366,42,57,30,10,101902
No Ethnicity Provided,Spring 2021,3,8,1317,62,38,25,12,101902
ALDINE ISD,Spring 2022,3,3727,1382,40,60,30,13,101902
Hispanic/Latino,Spring 2022,3,2698,1389,38,62,32,14,101902
American Indian or Alaskan Native,Spring 2022,3,3,0,0,0,0,0,101902
Asian,Spring 2022,3,28,1497,4,96,50,29,101902
Black or African American,Spring 2022,3,889,1356,47,53,24,10,101902
Native Hawaiian or Other Pacific Islander,Spring 2022,3,7,1456,29,71,71,29,101902
White,Spring 2022,3,64,1387,45,55,38,14,101902
Two or More Races,Spring 2022,3,37,1405,38,62,32,16,101902
No Ethnicity Provided,Spring 2022,3,1,0,0,0,0,0,101902
ALEDO ISD,Spring 2017,3,449,1527,9,91,70,50,184907
Hispanic/Latino,Spring 2017,3,69,1470,19,81,52,35,184907
American Indian or Alaskan Native,Spring 2017,3,3,0,0,0,0,0,184907
Asian,Spring 2017,3,1,0,0,0,0,0,184907
Black or African American,Spring 2017,3,7,1362,43,57,29,29,184907
White,Spring 2017,3,353,1543,7,93,75,54,184907
Two or More Races,Spring 2017,3,16,1492,12,88,56,38,184907
ALEDO ISD,Spring 2018,3,407,1525,9,91,66,46,184907
Hispanic/Latino,Spring 2018,3,54,1461,20,80,52,35,184907
American Indian or Alaskan Native,Spring 2018,3,1,0,0,0,0,0,184907
Asian,Spring 2018,3,1,0,0,0,0,0,184907
Black or African American,Spring 2018,3,5,1467,0,100,20,20,184907
White,Spring 2018,3,326,1537,8,92,70,48,184907
Two or More Races,Spring 2018,3,20,1519,10,90,60,50,184907
ALEDO ISD,Spring 2019,3,445,1520,8,92,64,46,184907
Hispanic/Latino,Spring 2019,3,69,1492,7,93,52,32,184907
American Indian or Alaskan Native,Spring 2019,3,5,1512,0,100,40,40,184907
Asian,Spring 2019,3,2,0,0,0,0,0,184907
Black or African American,Spring 2019,3,2,0,0,0,0,0,184907
White,Spring 2019,3,350,1524,9,91,66,48,184907
Two or More Races,Spring 2019,3,17,1568,6,94,76,65,184907
ALEDO ISD,Spring 2021,3,502,1503,9,91,62,37,184907
Hispanic/Latino,Spring 2021,3,90,1478,12,88,57,20,184907
American Indian or Alaskan Native,Spring 2021,3,2,0,0,0,0,0,184907
Asian,Spring 2021,3,7,1503,0,100,71,43,184907
Black or African American,Spring 2021,3,8,1431,12,88,25,12,184907
White,Spring 2021,3,377,1508,8,92,63,40,184907
Two or More Races,Spring 2021,3,18,1548,6,94,67,67,184907
ALEDO ISD,Spring 2022,3,554,1573,6,94,80,61,184907
Hispanic/Latino,Spring 2022,3,94,1512,14,86,69,48,184907
Asian,Spring 2022,3,6,1589,0,100,100,67,184907
Black or African American,Spring 2022,3,8,1483,12,88,75,25,184907
White,Spring 2022,3,421,1588,5,95,82,65,184907
Two or More Races,Spring 2022,3,25,1580,4,96,84,56,184907
ALICE ISD,Spring 2017,3,378,1407,35,65,36,21,125901
Hispanic/Latino,Spring 2017,3,355,1404,36,64,35,20,125901
Asian,Spring 2017,3,2,0,0,0,0,0,125901
Black or African American,Spring 2017,3,1,0,0,0,0,0,125901
White,Spring 2017,3,19,1441,26,74,47,32,125901
Two or More Races,Spring 2017,3,1,0,0,0,0,0,125901
ALICE ISD,Spring 2018,3,396,1412,32,68,33,18,125901
Hispanic/Latino,Spring 2018,3,378,1413,32,68,33,18,125901
Black or African American,Spring 2018,3,3,0,0,0,0,0,125901
White,Spring 2018,3,15,1361,47,53,20,0,125901
ALICE ISD,Spring 2019,3,337,1411,34,66,32,19,125901
Hispanic/Latino,Spring 2019,3,317,1411,33,67,32,19,125901
Asian,Spring 2019,3,1,0,0,0,0,0,125901
Black or African American,Spring 2019,3,1,0,0,0,0,0,125901
White,Spring 2019,3,17,1388,41,59,24,12,125901
Two or More Races,Spring 2019,3,1,0,0,0,0,0,125901
ALICE ISD,Spring 2021,3,287,1317,61,39,14,4,125901
Hispanic/Latino,Spring 2021,3,247,1320,60,40,14,5,125901
Asian,Spring 2021,3,1,0,0,0,0,0,125901
White,Spring 2021,3,38,1300,63,37,11,0,125901
No Ethnicity Provided,Spring 2021,3,1,0,0,0,0,0,125901
ALICE ISD,Spring 2022,3,327,1404,36,64,36,18,125901
Hispanic/Latino,Spring 2022,3,277,1405,37,63,36,18,125901
Asian,Spring 2022,3,1,0,0,0,0,0,125901
White,Spring 2022,3,40,1410,33,68,38,20,125901
Two or More Races,Spring 2022,3,1,0,0,0,0,0,125901
No Ethnicity Provided,Spring 2022,3,8,1334,38,62,25,0,125901
ALIEF ISD (101903),Spring 2017,3,3446,1386,41,59,31,19,101903
Hispanic/Latino,Spring 2017,3,1808,1373,45,55,27,16,101903
American Indian or Alaskan Native,Spring 2017,3,41,1373,44,56,32,12,101903
Asian,Spring 2017,3,386,1435,31,69,48,32,101903
Black or African American,Spring 2017,3,1048,1387,39,61,31,19,101903
Native Hawaiian or Other Pacific Islander,Spring 2017,3,2,0,0,0,0,0,101903
White,Spring 2017,3,127,1406,35,65,37,23,101903
Two or More Races,Spring 2017,3,34,1429,32,68,35,24,101903
ALIEF ISD (101903),Spring 2018,3,3512,1390,37,63,27,14,101903
Hispanic/Latino,Spring 2018,3,1849,1374,40,60,22,10,101903
American Indian or Alaskan Native,Spring 2018,3,36,1372,42,58,19,3,101903
Asian,Spring 2018,3,358,1442,25,75,42,27,101903
Black or African American,Spring 2018,3,1097,1394,36,64,29,15,101903
Native Hawaiian or Other Pacific Islander,Spring 2018,3,5,1411,20,80,20,20,101903
White,Spring 2018,3,141,1419,33,67,36,23,101903
Two or More Races,Spring 2018,3,25,1454,24,76,44,28,101903
No Ethnicity Provided,Spring 2018,3,1,0,0,0,0,0,101903
ALIEF ISD (101903),Spring 2019,3,3157,1395,38,62,29,16,101903
Hispanic/Latino,Spring 2019,3,1696,1377,42,58,23,12,101903
American Indian or Alaskan Native,Spring 2019,3,39,1369,46,54,28,13,101903
Asian,Spring 2019,3,314,1458,26,74,47,33,101903
Black or African American,Spring 2019,3,941,1406,33,67,32,18,101903
Native Hawaiian or Other Pacific Islander,Spring 2019,3,4,0,0,0,0,0,101903
White,Spring 2019,3,140,1394,40,60,32,19,101903
Two or More Races,Spring 2019,3,22,1433,27,73,23,9,101903
No Ethnicity Provided,Spring 2019,3,1,0,0,0,0,0,101903
ALIEF ISD (101903),Spring 2021,3,2382,1351,50,50,21,9,101903
Hispanic/Latino,Spring 2021,3,1305,1327,56,44,15,5,101903
American Indian or Alaskan Native,Spring 2021,3,17,1359,59,41,24,18,101903
Asian,Spring 2021,3,276,1415,32,68,37,17,101903
Black or African American,Spring 2021,3,668,1370,46,54,26,12,101903
Native Hawaiian or Other Pacific Islander,Spring 2021,3,2,0,0,0,0,0,101903
White,Spring 2021,3,102,1357,54,46,22,9,101903
Two or More Races,Spring 2021,3,10,1447,20,80,40,20,101903
No Ethnicity Provided,Spring 2021,3,2,0,0,0,0,0,101903
ALIEF ISD (101903),Spring 2022,3,2550,1413,35,65,41,22,101903
Hispanic/Latino,Spring 2022,3,1306,1395,37,63,36,17,101903
American Indian or Alaskan Native,Spring 2022,3,15,1485,0,100,47,20,101903
Asian,Spring 2022,3,310,1460,26,74,52,34,101903
Black or African American,Spring 2022,3,758,1428,32,68,45,26,101903
Native Hawaiian or Other Pacific Islander,Spring 2022,3,5,1456,20,80,80,20,101903
White,Spring 2022,3,100,1421,33,67,40,25,101903
Two or More Races,Spring 2022,3,5,1519,20,80,80,40,101903
No Ethnicity Provided,Spring 2022,3,51,1317,63,37,18,12,101903
ALIEF MONTESSORI COMMUNITY SCHOOL (101815),Spring 2017,3,25,1498,8,92,56,44,101815
Hispanic/Latino,Spring 2017,3,12,1530,8,92,75,58,101815
Asian,Spring 2017,3,7,1465,0,100,29,29,101815
Black or African American,Spring 2017,3,5,1464,20,80,40,40,101815
White,Spring 2017,3,1,0,0,0,0,0,101815
ALIEF MONTESSORI COMMUNITY SCHOOL (101815),Spring 2018,3,19,1483,5,95,53,32,101815
Hispanic/Latino,Spring 2018,3,11,1481,9,91,55,27,101815
Asian,Spring 2018,3,4,0,0,0,0,0,101815
Black or African American,Spring 2018,3,4,0,0,0,0,0,101815
ALIEF MONTESSORI COMMUNITY SCHOOL (101815),Spring 2019,3,28,1520,0,100,71,32,101815
Hispanic/Latino,Spring 2019,3,11,1489,0,100,55,27,101815
Asian,Spring 2019,3,13,1541,0,100,77,38,101815
Black or African American,Spring 2019,3,3,0,0,0,0,0,101815
White,Spring 2019,3,1,0,0,0,0,0,101815
ALIEF MONTESSORI COMMUNITY SCHOOL (101815),Spring 2021,3,22,1426,27,73,32,18,101815
Hispanic/Latino,Spring 2021,3,9,1407,22,78,22,11,101815
Asian,Spring 2021,3,9,1462,22,78,44,22,101815
Black or African American,Spring 2021,3,3,0,0,0,0,0,101815
White,Spring 2021,3,1,0,0,0,0,0,101815
ALIEF MONTESSORI COMMUNITY SCHOOL (101815),Spring 2022,3,25,1530,16,84,76,40,101815
Hispanic/Latino,Spring 2022,3,9,1449,33,67,67,11,101815
Asian,Spring 2022,3,11,1557,9,91,82,55,101815
Black or African American,Spring 2022,3,5,1615,0,100,80,60,101815
